Name,Position,Appearances,Goals,Wins,Losses,Clean sheets,Goals Conceded,Tackles,Tackle success %,Last man tackles,Blocked shots,Interceptions,Clearances,Headed Clearance,Clearances off line,Recoveries,Duels won,Duels lost,Successful 50/50s,Aerial battles won,Aerial battles lost,Own goals,Errors leading to goal,Assists,Passes,Passes per match,Big Chances Created,Crosses,Cross accuracy %,Through balls,Accurate long balls,Yellow cards,Red cards,Fouls,Offsides,Headed goals,Goals with right foot,Goals with left foot,Hit woodwork,Goals per match,Penalties scored,Freekicks scored,Shots,Shots on target,Shooting accuracy %,Big chances missed,Saves,Penalties Saved,Punches,High Claims,Catches,Sweeper clearances,Throw outs,Goal Kicks
Aaron Mooy,Midfielder,96.0,9.0,17.0,49.0,,,201.0,63%,,37.0,76.0,96,26.0,,604,377,431,76.0,63.0,91.0,,0.0,6.0,"4,150",43.23,13.0,431,23%,10.0,206.0,10.0,1.0,65.0,3.0,0.0,6.0,3.0,2.0,0.09,2.0,1.0,105.0,29.0,28%,3.0,,,,,,,,
Aaron Ramsdale,Goalkeeper,97.0,0.0,31.0,54.0,21.0,145.0,,,,,,,,,,,,,,,0.0,3.0,1.0,"2,621",27.02,,,,,603,2.0,0.0,1.0,,,,,,,,,,,,,343.0,1.0,37.0,62.0,18.0,37.0,430.0,689
Aaron Ramsdale,Goalkeeper,97.0,0.0,31.0,54.0,21.0,145.0,,,,,,,,,,,,,,,0.0,3.0,1.0,"2,621",27.02,,,,,603.0,2.0,0.0,1.0,,,,,,,,,,,,,343.0,1.0,37.0,62.0,18.0,37.0,430.0,689.0
Aaron Wan-Bissaka,Defender,129.0,2.0,59.0,37.0,41.0,155.0,413.0,65%,1.0,10.0,256.0,312.0,142.0,2.0,714,801,505.0,193.0,131.0,141.0,0.0,0.0,11.0,"5,683",44.05,11.0,273.0,19%,3.0,115,18.0,1.0,90.0,5.0,0.0,2.0,0.0,0.0,,,,,,,,,,,,,,,
Abdallah Sima,Forward,0.0,0.0,0.0,0.0,,,0.0,,,0.0,0.0,0,0.0,,,,,,,,,,0.0,0,0.0,0.0,0,,,,0.0,0.0,0.0,0.0,0.0,0.0,0.0,0.0,0.0,0.0,0.0,0.0,0.0,0%,0.0,,,,,,,,
Abdoulaye Doucouré,Midfielder,176.0,21.0,58.0,85.0,,,327.0,58%,,73.0,195.0,208.0,85.0,,"1,340",783,854.0,165.0,211.0,207.0,,1.0,18.0,"8,751",49.72,19.0,86.0,17%,13.0,268,40.0,0.0,186.0,11.0,3.0,14.0,3.0,2.0,0.12,0.0,0.0,224.0,66.0,29%,12.0,,,,,,,,
Adam Armstrong,Forward,34.0,2.0,5.0,20.0,,,15.0,,,16.0,4.0,7,6.0,,,,,,,,,,3.0,304,8.94,3.0,25,,,,2.0,0.0,18.0,2.0,0.0,1.0,1.0,0.0,0.06,0.0,0.0,51.0,16.0,31%,5.0,,,,,,,,
Adam Webster,Defender,75.0,6.0,20.0,25.0,18.0,92.0,81.0,48%,1.0,7.0,108.0,235,128.0,0.0,396,384,233,41.0,229.0,130.0,1.0,1.0,1.0,"4,717",62.89,2.0,13,23%,4.0,271.0,12.0,0.0,51.0,1.0,4.0,1.0,1.0,3.0,,,,,,,,,,,,,,,
Albert Sambi Lokonga,Midfielder,14.0,0.0,8.0,3.0,,,19.0,79%,,4.0,12.0,8,5.0,,63,43,32,3.0,10.0,16.0,,1.0,0.0,615,43.93,1.0,2,50%,6.0,26.0,4.0,0.0,10.0,0.0,0.0,0.0,0.0,0.0,14.0,0.0,0.0,16.0,6.0,38%,0.0,,,,,,,,
Albian Ajeti,Forward,9.0,0.0,0.0,7.0,,,1.0,,,2.0,0.0,0,0.0,,,,,,,,,,0.0,15,1.67,0.0,0,,,,0.0,0.0,6.0,2.0,0.0,0.0,0.0,0.0,9.0,0.0,0.0,3.0,0.0,3%,0.0,,,,,,,,
Alex Iwobi,Forward,171.0,14.0,77.0,59.0,,,144.0,,,60.0,69.0,54.0,22.0,,,,,,,,,,19.0,"4,795",28.04,29.0,235.0,,,,3.0,0.0,56.0,9.0,2.0,11.0,1.0,4.0,0.08,0.0,0.0,190.0,73.0,38%,14.0,,,,,,,,
Alex Telles,Defender,21.0,0.0,13.0,4.0,4.0,22.0,47.0,49%,0.0,3.0,29.0,39.0,29.0,0.0,103,96,89.0,5.0,36.0,32.0,0.0,0.0,3.0,957,45.57,2.0,123.0,24%,3.0,28,0.0,0.0,17.0,2.0,0.0,0.0,0.0,3.0,,,,,,,,,,,,,,,
Allan,Midfielder,46.0,0.0,17.0,22.0,,,141.0,57%,,3.0,36.0,48.0,18.0,,352,253,280.0,50.0,14.0,24.0,,1.0,2.0,"1,903",41.37,0.0,13.0,31%,2.0,92,12.0,0.0,64.0,0.0,0.0,0.0,0.0,0.0,46.0,0.0,0.0,13.0,5.0,38%,0.0,,,,,,,,
Allan Saint-Maximin,Forward,75.0,11.0,25.0,29.0,,,39.0,,,40.0,23.0,7,1.0,,,,,,,,,,11.0,"1,327",17.69,19.0,105,,,,4.0,0.0,40.0,18.0,1.0,9.0,1.0,2.0,0.15,0.0,0.0,124.0,54.0,44%,10.0,,,,,,,,
Amad Diallo,Forward,3.0,0.0,1.0,1.0,,,3.0,,,0.0,0.0,1.0,0.0,,,,,,,,,,1.0,63,21.0,1.0,0.0,,,,0.0,0.0,2.0,0.0,0.0,0.0,0.0,0.0,3.0,0.0,0.0,1.0,1.0,100%,0.0,,,,,,,,
Andi Zeqiri,Forward,9.0,0.0,4.0,2.0,,,3.0,,,3.0,0.0,2.0,1.0,,,,,,,,,,0.0,38,4.22,0.0,6.0,,,,0.0,0.0,2.0,0.0,0.0,0.0,0.0,0.0,9.0,0.0,0.0,7.0,2.0,29%,1.0,,,,,,,,
André Gomes,Midfielder,85.0,1.0,32.0,35.0,,,111.0,59%,,17.0,38.0,37,23.0,,470,361,534,106.0,81.0,64.0,,0.0,4.0,"3,170",37.29,4.0,57,26%,6.0,248.0,19.0,0.0,143.0,2.0,0.0,1.0,0.0,0.0,0.01,0.0,0.0,52.0,10.0,19%,2.0,,,,,,,,
Angeliño,Defender,6.0,0.0,4.0,2.0,0.0,7.0,5.0,40%,0.0,2.0,9.0,15.0,7.0,0.0,29,17,15.0,4.0,6.0,7.0,0.0,0.0,0.0,338,56.33,3.0,43.0,21%,0.0,7,1.0,0.0,2.0,0.0,0.0,0.0,0.0,1.0,,,,,,,,,,,,,,,
Angus Gunn,Goalkeeper,29.0,0.0,7.0,15.0,6.0,61.0,,,,,,,,,,,,,,,0.0,3.0,0.0,706,24.34,,,,,163.0,0.0,0.0,0.0,,,,,,,,,,,,,90.0,2.0,7.0,8.0,5.0,16.0,83.0,230.0
Anthony Knockaert,Midfielder,72.0,5.0,16.0,36.0,,,79.0,68%,,26.0,56.0,19.0,8.0,,312,263,280.0,103.0,33.0,29.0,,0.0,7.0,"1,723",23.93,9.0,245.0,26%,6.0,83,8.0,2.0,49.0,11.0,0.0,1.0,4.0,2.0,0.07,0.0,0.0,81.0,22.0,27%,7.0,,,,,,,,
Antonee Robinson,Defender,28.0,0.0,4.0,13.0,4.0,27.0,45.0,62%,0.0,4.0,37.0,54.0,39.0,0.0,135,140,99.0,51.0,36.0,18.0,0.0,0.0,0.0,"1,047",37.39,4.0,101.0,27%,0.0,33,4.0,1.0,20.0,1.0,0.0,0.0,0.0,0.0,,,,,,,,,,,,,,,
Anwar El Ghazi,Midfielder,73.0,15.0,21.0,38.0,,,41.0,71%,,27.0,20.0,24,13.0,,164,219,333,59.0,69.0,121.0,,0.0,5.0,"1,114",15.26,6.0,208,25%,2.0,29.0,7.0,0.0,46.0,19.0,0.0,14.0,1.0,5.0,0.21,6.0,0.0,124.0,53.0,43%,11.0,,,,,,,,
Arnaut Danjuma,Forward,14.0,0.0,1.0,10.0,,,4.0,,,2.0,8.0,3,1.0,,,,,,,,,,0.0,221,15.79,0.0,9,,,,0.0,0.0,0.0,6.0,0.0,0.0,0.0,1.0,14.0,0.0,0.0,13.0,4.0,31%,2.0,,,,,,,,
Ayoze Pérez,Forward,209.0,43.0,71.0,90.0,,,272.0,,,72.0,146.0,103,44.0,,,,,,,,,,16.0,"3,923",18.77,28.0,219,,,,11.0,1.0,213.0,53.0,6.0,31.0,6.0,7.0,0.21,1.0,0.0,310.0,131.0,42%,27.0,,,,,,,,
Bailey Peacock-Farrell,Goalkeeper,4.0,0.0,0.0,4.0,0.0,14.0,,,,,,,,,,,,,,,0.0,0.0,0.0,106,26.5,,,,,43.0,0.0,0.0,0.0,,,,,,,,,,,,,10.0,0.0,1.0,0.0,0.0,2.0,6.0,29.0
Ben Chilwell,Defender,132.0,10.0,58.0,43.0,37.0,142.0,207.0,60%,1.0,21.0,145.0,322.0,181.0,1.0,683,807,674.0,130.0,306.0,233.0,0.0,1.0,15.0,"6,278",47.56,15.0,505.0,18%,8.0,193,13.0,1.0,114.0,18.0,0.0,2.0,8.0,2.0,,,,,,,,,,,,,,,
Ben Davies,Defender,236.0,6.0,113.0,70.0,61.0,238.0,444.0,69%,2.0,36.0,298.0,708.0,363.0,3.0,802,"1,099",962.0,83.0,403.0,399.0,0.0,1.0,17.0,"10,011",42.42,21.0,623.0,22%,6.0,365,30.0,0.0,193.0,8.0,0.0,1.0,5.0,3.0,,,,,,,,,,,,,,,
Ben Gibson,Defender,62.0,2.0,9.0,35.0,15.0,105.0,48.0,75%,3.0,5.0,83.0,345,184.0,1.0,224,196,154,22.0,105.0,102.0,0.0,0.0,1.0,"2,891",46.63,1.0,1,1%,0.0,235.0,8.0,1.0,32.0,1.0,1.0,1.0,0.0,0.0,,,,,,,,,,,,,,,
Ben Godfrey,Defender,78.0,0.0,21.0,43.0,15.0,129.0,112.0,65%,0.0,9.0,69.0,317.0,165.0,1.0,371,324,205.0,24.0,153.0,105.0,2.0,1.0,2.0,"3,389",43.45,2.0,20.0,35%,2.0,148,11.0,1.0,46.0,4.0,0.0,0.0,0.0,2.0,,,,,,,,,,,,,,,
Ben Osborn,Midfielder,37.0,1.0,13.0,20.0,,,48.0,58%,,5.0,18.0,19,9.0,,138,110,120,23.0,19.0,26.0,,0.0,0.0,974,26.32,5.0,84,24%,2.0,28.0,1.0,0.0,19.0,5.0,0.0,1.0,0.0,0.0,0.03,0.0,0.0,12.0,5.0,42%,0.0,,,,,,,,
Ben White,Defender,59.0,0.0,24.0,18.0,22.0,66.0,77.0,51%,1.0,10.0,92.0,122,68.0,0.0,299,234,204,33.0,99.0,82.0,0.0,0.0,0.0,"2,965",50.25,2.0,22,5%,5.0,148.0,4.0,1.0,42.0,1.0,0.0,0.0,0.0,0.0,,,,,,,,,,,,,,,
Bendegúz Bolla,Defender,0.0,0.0,0.0,0.0,0.0,0.0,0.0,0%,0.0,0.0,0.0,0,0.0,0.0,0,0,0,0.0,0.0,0.0,0.0,0.0,0.0,0,0.0,0.0,0,0%,0.0,0.0,0.0,0.0,0.0,0.0,0.0,0.0,0.0,0.0,,,,,,,,,,,,,,,
Bertrand Traoré,Forward,52.0,9.0,17.0,24.0,,,37.0,,,32.0,17.0,15.0,5.0,,,,,,,,,,7.0,890,17.12,7.0,107.0,,,,1.0,0.0,34.0,14.0,0.0,2.0,7.0,2.0,0.17,0.0,0.0,85.0,29.0,34%,4.0,,,,,,,,
Björn Engels,Defender,17.0,1.0,3.0,12.0,2.0,32.0,11.0,55%,0.0,0.0,28.0,85.0,42.0,0.0,53,71,39.0,1.0,55.0,27.0,0.0,1.0,0.0,647,38.06,0.0,2.0,50%,0.0,49,1.0,0.0,5.0,1.0,1.0,0.0,0.0,0.0,,,,,,,,,,,,,,,
Boubakary Soumaré,Midfielder,17.0,0.0,6.0,6.0,,,18.0,72%,,0.0,13.0,17,11.0,,56,74,51,13.0,27.0,11.0,,0.0,1.0,488,28.71,0.0,2,2%,0.0,14.0,0.0,0.0,13.0,0.0,0.0,0.0,0.0,0.0,17.0,0.0,0.0,6.0,2.0,33%,0.0,,,,,,,,
Bruno Fernandes,Midfielder,78.0,35.0,41.0,13.0,,,116.0,52%,,67.0,48.0,69.0,39.0,,358,303,441.0,56.0,32.0,77.0,,0.0,25.0,"4,239",54.35,37.0,362.0,23%,40.0,268,15.0,0.0,80.0,7.0,2.0,30.0,3.0,8.0,0.45,13.0,1.0,230.0,90.0,39%,18.0,,,,,,,,
Bruno Guimarães,Midfielder,5.0,0.0,4.0,0.0,,,2.0,100%,,1.0,0.0,1,1.0,,11,7,6,2.0,1.0,1.0,,0.0,0.0,45,9.0,1.0,1,100%,1.0,3.0,0.0,0.0,0.0,0.0,0.0,0.0,0.0,0.0,5.0,0.0,0.0,3.0,0.0,3%,0.0,,,,,,,,
Bruno Jordão,Midfielder,1.0,0.0,0.0,1.0,,,0.0,0%,,0.0,0.0,0.0,0.0,,2,0,0.0,0.0,0.0,0.0,,0.0,0.0,6,6.0,0.0,0.0,0%,0.0,0,0.0,0.0,0.0,0.0,0.0,0.0,0.0,0.0,1.0,0.0,0.0,0.0,0.0,0%,0.0,,,,,,,,
Bryan Gil,Forward,9.0,0.0,4.0,4.0,,,3.0,,,0.0,0.0,0,0.0,,,,,,,,,,0.0,56,6.22,0.0,6,,,,0.0,0.0,1.0,0.0,0.0,0.0,0.0,0.0,9.0,0.0,0.0,1.0,1.0,100%,0.0,,,,,,,,
Callum Robinson,Forward,48.0,6.0,7.0,25.0,,,14.0,,,9.0,14.0,11,9.0,,,,,,,,,,1.0,546,11.38,3.0,61,,,,1.0,0.0,14.0,10.0,0.0,4.0,2.0,2.0,0.12,0.0,0.0,44.0,15.0,34%,5.0,,,,,,,,
Callum Wilson,Forward,167.0,59.0,49.0,78.0,,,61.0,,,59.0,27.0,72.0,49.0,,,,,,,,,,17.0,"2,133",12.77,25.0,91.0,,,,19.0,0.0,239.0,128.0,11.0,36.0,10.0,8.0,0.35,10.0,0.0,297.0,121.0,41%,54.0,,,,,,,,
Chris Wood,Forward,161.0,50.0,50.0,68.0,,,47.0,,,47.0,8.0,89,65.0,,,,,,,,,,7.0,"2,649",16.45,11.0,39,,,,5.0,0.0,148.0,160.0,17.0,23.0,9.0,10.0,0.31,3.0,0.0,283.0,133.0,47%,61.0,,,,,,,,
Christian Eriksen,Midfielder,228.0,51.0,126.0,57.0,,,280.0,71%,,201.0,160.0,116,40.0,,"1,197",688,"1,039",181.0,107.0,187.0,,0.0,62.0,"11,778",51.66,73.0,"1,232",22%,116.0,551.0,18.0,0.0,99.0,7.0,1.0,28.0,21.0,18.0,0.22,0.0,8.0,585.0,213.0,36%,20.0,,,,,,,,
Christos Tzolis,Forward,11.0,0.0,2.0,7.0,,,5.0,,,3.0,1.0,1,0.0,,,,,,,,,,0.0,81,7.36,1.0,7,,,,0.0,0.0,1.0,2.0,0.0,0.0,0.0,0.0,11.0,0.0,0.0,6.0,2.0,33%,0.0,,,,,,,,
Ché Adams,Forward,87.0,20.0,31.0,36.0,,,41.0,,,29.0,13.0,39,20.0,,,,,,,,,,9.0,"1,159",13.32,18.0,21,,,,1.0,0.0,69.0,35.0,2.0,17.0,1.0,2.0,0.23,0.0,0.0,128.0,60.0,47%,31.0,,,,,,,,
Connor Roberts,Defender,14.0,0.0,2.0,7.0,4.0,13.0,12.0,58%,0.0,0.0,16.0,37,14.0,0.0,57,49,21,4.0,13.0,14.0,0.0,0.0,1.0,406,29.0,0.0,28,14%,1.0,14.0,1.0,0.0,3.0,1.0,0.0,0.0,0.0,1.0,,,,,,,,,,,,,,,
Craig Dawson,Defender,229.0,19.0,72.0,96.0,52.0,305.0,296.0,72%,3.0,41.0,390.0,"1,029",607.0,5.0,920,"1,227",859,44.0,748.0,434.0,3.0,1.0,3.0,"7,076",30.9,7.0,301,21%,5.0,533.0,38.0,1.0,224.0,14.0,14.0,3.0,1.0,7.0,,,,,,,,,,,,,,,
Craig Dawson,Defender,229.0,19.0,72.0,96.0,52.0,305.0,296.0,72%,3.0,41.0,390.0,"1,029",607.0,5.0,920,"1,227",859,44.0,748.0,434.0,3.0,1.0,3.0,"7,076",30.9,7.0,301,21%,5.0,533.0,38.0,1.0,224.0,14.0,14.0,3.0,1.0,7.0,,,,,,,,,,,,,,,
Cristiano Ronaldo,Forward,219.0,93.0,143.0,34.0,,,74.0,,,181.0,42.0,84,27.0,,,,,,,,,,37.0,"4,139",18.9,5.0,438,,,,32.0,4.0,67.0,70.0,9.0,55.0,10.0,16.0,0.42,13.0,9.0,619.0,229.0,37%,13.0,,,,,,,,
Cédric Kipré,Defender,0.0,0.0,0.0,0.0,0.0,0.0,0.0,0%,0.0,0.0,0.0,0.0,0.0,0.0,0,0,0.0,0.0,0.0,0.0,0.0,0.0,0.0,0,0.0,0.0,0.0,0%,0.0,0,0.0,0.0,0.0,0.0,0.0,0.0,0.0,0.0,,,,,,,,,,,,,,,
Dale Stephens,Midfielder,108.0,1.0,25.0,52.0,,,276.0,62%,,19.0,176.0,154.0,90.0,,752,425,475.0,36.0,78.0,79.0,,0.0,5.0,"4,961",45.94,4.0,6.0,17%,7.0,392,22.0,1.0,149.0,0.0,0.0,0.0,1.0,1.0,0.01,0.0,0.0,54.0,5.0,9%,0.0,,,,,,,,
Dan Burn,Defender,87.0,2.0,24.0,30.0,20.0,102.0,149.0,58%,0.0,10.0,111.0,343,221.0,2.0,357,504,365,31.0,305.0,138.0,1.0,0.0,0.0,"3,670",42.18,4.0,89,19%,3.0,120.0,16.0,0.0,89.0,8.0,1.0,1.0,0.0,1.0,,,,,,,,,,,,,,,
Daniel Adshead,Midfielder,0.0,0.0,0.0,0.0,,,0.0,0%,,0.0,0.0,0,0.0,,0,0,0,0.0,0.0,0.0,,0.0,0.0,0,0.0,0.0,0,0%,0.0,0.0,0.0,0.0,0.0,0.0,0.0,0.0,0.0,0.0,0.0,0.0,0.0,0.0,0.0,0%,0.0,,,,,,,,
Daniel James,Midfielder,73.0,10.0,31.0,21.0,,,54.0,56%,,31.0,14.0,17.0,5.0,,197,225,322.0,56.0,25.0,82.0,,0.0,9.0,"1,352",18.52,12.0,171.0,13%,4.0,19,11.0,0.0,47.0,16.0,2.0,7.0,1.0,1.0,0.14,0.0,0.0,105.0,40.0,38%,8.0,,,,,,,,
Daniel James,Midfielder,73.0,10.0,31.0,21.0,,,54.0,56%,,31.0,14.0,17,5.0,,197,225,322,56.0,25.0,82.0,,0.0,9.0,"1,352",18.52,12.0,171,13%,4.0,19.0,11.0,0.0,47.0,16.0,2.0,7.0,1.0,1.0,0.14,0.0,0.0,105.0,40.0,38%,8.0,,,,,,,,
Daniel Podence,Midfielder,54.0,5.0,25.0,18.0,,,26.0,58%,,26.0,22.0,3.0,1.0,,155,160,192.0,69.0,9.0,31.0,,0.0,4.0,"1,116",20.67,11.0,79.0,23%,11.0,64,5.0,0.0,24.0,9.0,1.0,3.0,1.0,2.0,0.09,0.0,0.0,68.0,29.0,43%,0.0,,,,,,,,
Danny Ings,Forward,160.0,60.0,51.0,69.0,,,145.0,,,85.0,45.0,78,48.0,,,,,,,,,,17.0,"2,662",16.64,18.0,121,,,,14.0,0.0,120.0,66.0,9.0,35.0,15.0,12.0,0.38,8.0,0.0,347.0,142.0,41%,33.0,,,,,,,,
Darren Randolph,Goalkeeper,34.0,0.0,12.0,15.0,7.0,61.0,,,,,,,,,,,,,,,0.0,5.0,0.0,900,26.47,,,,,324.0,1.0,0.0,0.0,,,,,,,,,,,,,91.0,1.0,9.0,33.0,8.0,16.0,102.0,285.0
David Button,Goalkeeper,5.0,0.0,2.0,2.0,1.0,7.0,,,,,,,,,,,,,,,0.0,0.0,0.0,135,27.0,,,,,36.0,0.0,0.0,0.0,,,,,,,,,,,,,18.0,0.0,4.0,2.0,1.0,1.0,10.0,46.0
David Luiz,Defender,213.0,14.0,120.0,45.0,67.0,191.0,252.0,74%,5.0,64.0,360.0,881.0,472.0,2.0,"1,106",900,711.0,83.0,379.0,270.0,1.0,4.0,7.0,"11,161",52.4,23.0,76.0,25%,82.0,"1,051",41.0,4.0,227.0,6.0,7.0,6.0,1.0,6.0,,,,,,,,,,,,,,,
Demarai Gray,Forward,154.0,15.0,58.0,63.0,,,96.0,,,63.0,49.0,49,12.0,,,,,,,,,,11.0,"2,348",15.25,16.0,348,,,,10.0,0.0,47.0,14.0,0.0,10.0,4.0,3.0,0.1,0.0,0.0,181.0,61.0,34%,9.0,,,,,,,,
Dennis Praet,Midfielder,42.0,2.0,21.0,15.0,,,47.0,53%,,12.0,24.0,15,7.0,,114,87,130,18.0,8.0,23.0,,0.0,3.0,815,19.4,5.0,40,15%,3.0,27.0,2.0,0.0,30.0,1.0,0.0,2.0,0.0,1.0,0.05,0.0,0.0,24.0,5.0,21%,0.0,,,,,,,,
Diego Llorente,Defender,34.0,3.0,12.0,13.0,7.0,46.0,60.0,62%,0.0,4.0,47.0,85.0,43.0,0.0,222,159,130.0,11.0,64.0,64.0,0.0,0.0,0.0,"1,706",50.18,1.0,4.0,4%,2.0,100,7.0,0.0,30.0,0.0,1.0,0.0,2.0,1.0,,,,,,,,,,,,,,,
Dimitrios Giannoulis,Defender,36.0,1.0,11.0,16.0,7.0,32.0,78.0,53%,0.0,7.0,28.0,40,21.0,0.0,174,184,182,55.0,20.0,33.0,0.0,0.0,3.0,"1,122",31.17,4.0,125,23%,1.0,32.0,4.0,0.0,27.0,3.0,0.0,0.0,1.0,0.0,,,,,,,,,,,,,,,
Diogo Jota,Forward,110.0,37.0,54.0,24.0,,,94.0,,,53.0,31.0,29.0,20.0,,,,,,,,,,7.0,"2,532",23.02,21.0,109.0,,,,19.0,0.0,142.0,13.0,6.0,17.0,14.0,6.0,0.34,0.0,0.0,237.0,100.0,42%,38.0,,,,,,,,
Donny van de Beek,Midfielder,32.0,2.0,16.0,11.0,,,30.0,60%,,3.0,12.0,11.0,3.0,,72,58,69.0,10.0,9.0,12.0,,0.0,1.0,502,15.69,2.0,5.0,5%,2.0,9,2.0,0.0,13.0,0.0,1.0,1.0,0.0,1.0,0.06,0.0,0.0,8.0,2.0,25%,0.0,,,,,,,,
Douglas Luiz,Midfielder,91.0,4.0,31.0,44.0,,,137.0,51%,,28.0,102.0,103,44.0,,533,425,428,80.0,92.0,101.0,,1.0,7.0,"3,494",38.4,8.0,102,23%,11.0,236.0,21.0,1.0,135.0,0.0,0.0,2.0,2.0,0.0,0.04,0.0,0.0,79.0,23.0,29%,3.0,,,,,,,,
Eberechi Eze,Midfielder,40.0,4.0,12.0,20.0,,,30.0,53%,,12.0,26.0,7.0,2.0,,182,185,163.0,69.0,13.0,35.0,,1.0,6.0,"1,151",28.78,5.0,89.0,27%,2.0,27,4.0,0.0,21.0,1.0,0.0,3.0,1.0,2.0,0.1,0.0,1.0,39.0,13.0,33%,1.0,,,,,,,,
Edouard Mendy,Goalkeeper,53.0,0.0,30.0,9.0,26.0,41.0,,,,,,,,,,,,,,,0.0,2.0,0.0,"1,428",26.94,,,,,196,4.0,0.0,2.0,,,,,,,,,,,,,112.0,1.0,11.0,35.0,5.0,24.0,231.0,292
Emerson Royal,Defender,20.0,0.0,9.0,8.0,3.0,22.0,52.0,62%,0.0,2.0,17.0,50,25.0,0.0,110,118,94,13.0,24.0,30.0,0.0,0.0,1.0,754,37.7,1.0,57,25%,1.0,10.0,3.0,0.0,19.0,1.0,0.0,0.0,0.0,0.0,,,,,,,,,,,,,,,
Emil Krafth,Defender,44.0,1.0,14.0,17.0,5.0,64.0,49.0,47%,0.0,5.0,35.0,120,59.0,0.0,148,122,107,9.0,44.0,45.0,0.0,1.0,2.0,"1,082",24.59,3.0,49,14%,0.0,33.0,7.0,0.0,26.0,1.0,1.0,0.0,0.0,0.0,,,,,,,,,,,,,,,
Emiliano Buendía,Midfielder,59.0,3.0,13.0,37.0,,,112.0,47%,,23.0,31.0,29,13.0,,269,373,387,133.0,42.0,76.0,,2.0,10.0,"2,020",34.24,14.0,194,24%,32.0,109.0,7.0,1.0,42.0,3.0,1.0,1.0,1.0,0.0,0.05,0.0,0.0,71.0,20.0,28%,2.0,,,,,,,,
Emiliano Martínez,Goalkeeper,78.0,0.0,34.0,33.0,29.0,96.0,,,,,,,,,,,,,,,0.0,2.0,0.0,"2,173",27.86,,,,,453,7.0,0.0,2.0,,,,,,,,,,,,,251.0,2.0,8.0,80.0,27.0,23.0,364.0,551
Emmanuel Dennis,Forward,25.0,9.0,5.0,17.0,,,39.0,,,13.0,8.0,7,6.0,,,,,,,,,,5.0,444,17.76,6.0,32,,,,7.0,1.0,50.0,8.0,3.0,5.0,1.0,1.0,0.36,0.0,0.0,51.0,23.0,45%,5.0,,,,,,,,
Enock Mwepu,Midfielder,11.0,1.0,5.0,2.0,,,18.0,56%,,1.0,5.0,7,3.0,,44,43,64,10.0,6.0,24.0,,0.0,3.0,258,23.45,2.0,2,2%,4.0,6.0,1.0,0.0,12.0,2.0,0.0,1.0,0.0,0.0,0.09,0.0,0.0,10.0,3.0,30%,3.0,,,,,,,,
Erik Pieters,Defender,224.0,1.0,70.0,91.0,50.0,280.0,593.0,73%,2.0,15.0,375.0,682,348.0,3.0,"1,023","1,253",991,72.0,346.0,246.0,1.0,4.0,12.0,"7,591",33.89,17.0,488,17%,5.0,348.0,36.0,0.0,337.0,6.0,0.0,0.0,1.0,0.0,,,,,,,,,,,,,,,
Ezri Konsa,Defender,83.0,5.0,31.0,37.0,23.0,116.0,64.0,53%,0.0,7.0,66.0,283.0,129.0,0.0,333,382,218.0,18.0,194.0,137.0,0.0,2.0,2.0,"2,776",33.45,2.0,17.0,35%,0.0,134,9.0,2.0,49.0,3.0,2.0,3.0,0.0,1.0,,,,,,,,,,,,,,,
Fabian Delph,Midfielder,199.0,7.0,79.0,81.0,,,409.0,71%,,37.0,294.0,224,57.0,,"1,059","1,019",728,268.0,130.0,166.0,,5.0,8.0,"9,200",46.23,7.0,203,26%,15.0,528.0,31.0,3.0,148.0,1.0,0.0,1.0,6.0,5.0,0.04,0.0,0.0,146.0,36.0,25%,3.0,,,,,,,,
Facundo Pellistri,Midfielder,0.0,0.0,0.0,0.0,,,0.0,0%,,0.0,0.0,0.0,0.0,,0,0,0.0,0.0,0.0,0.0,,0.0,0.0,0,0.0,0.0,0.0,0%,0.0,0,0.0,0.0,0.0,0.0,0.0,0.0,0.0,0.0,0.0,0.0,0.0,0.0,0.0,0%,0.0,,,,,,,,
Ferran Torres,Forward,28.0,9.0,19.0,6.0,,,14.0,,,16.0,3.0,7.0,3.0,,,,,,,,,,3.0,476,17.0,2.0,37.0,,,,1.0,0.0,17.0,6.0,1.0,5.0,3.0,0.0,0.32,0.0,0.0,49.0,19.0,39%,6.0,,,,,,,,
Frank Onyeka,Midfielder,19.0,0.0,7.0,8.0,,,25.0,68%,,5.0,14.0,13,5.0,,69,76,93,11.0,16.0,21.0,,0.0,0.0,313,16.47,0.0,12,8%,0.0,11.0,4.0,0.0,33.0,0.0,0.0,0.0,0.0,1.0,19.0,0.0,0.0,16.0,5.0,31%,0.0,,,,,,,,
Frederik Alves,Defender,0.0,0.0,0.0,0.0,0.0,0.0,0.0,0%,0.0,0.0,0.0,0,0.0,0.0,0,0,0,0.0,0.0,0.0,0.0,0.0,0.0,0,0.0,0.0,0,0%,0.0,0.0,0.0,0.0,0.0,0.0,0.0,0.0,0.0,0.0,,,,,,,,,,,,,,,
Fábio Silva,Forward,46.0,4.0,16.0,24.0,,,7.0,,,19.0,5.0,6,4.0,,,,,,,,,,3.0,383,8.33,2.0,7,,,,2.0,0.0,24.0,9.0,0.0,3.0,1.0,2.0,0.09,1.0,0.0,57.0,19.0,33%,5.0,,,,,,,,
Gabriel,Defender,45.0,5.0,26.0,13.0,16.0,43.0,58.0,59%,2.0,8.0,35.0,147,83.0,1.0,224,210,126,9.0,93.0,67.0,0.0,2.0,0.0,"2,788",61.96,1.0,3,33%,4.0,108.0,6.0,2.0,38.0,1.0,3.0,1.0,0.0,1.0,,,,,,,,,,,,,,,
Gabriel Martinelli,Forward,45.0,10.0,21.0,11.0,,,48.0,63%,,12.0,24.0,12.0,9.0,,108,139,229.0,42.0,26.0,82.0,,0.0,3.0,524,11.64,5.0,83.0,12%,4.0,16,2.0,1.0,34.0,8.0,0.0,9.0,1.0,3.0,0.22,0.0,0.0,65.0,22.0,34%,7.0,,,,,,,,
Giovani Lo Celso,Midfielder,55.0,1.0,25.0,15.0,,,87.0,63%,,10.0,17.0,22.0,9.0,,194,229,244.0,49.0,22.0,40.0,,0.0,3.0,"1,685",30.64,5.0,98.0,18%,9.0,67,11.0,0.0,49.0,1.0,0.0,0.0,1.0,1.0,0.02,0.0,0.0,42.0,10.0,24%,3.0,,,,,,,,
Grady Diangana,Midfielder,37.0,1.0,8.0,22.0,,,55.0,51%,,6.0,17.0,11.0,5.0,,107,175,198.0,46.0,30.0,53.0,,0.0,1.0,580,15.68,3.0,34.0,18%,1.0,9,0.0,0.0,15.0,5.0,0.0,0.0,1.0,0.0,0.03,0.0,0.0,24.0,7.0,29%,1.0,,,,,,,,
Hakim Ziyech,Midfielder,37.0,6.0,18.0,7.0,,,30.0,63%,,28.0,17.0,8.0,1.0,,130,119,168.0,39.0,15.0,28.0,,0.0,5.0,"1,058",28.59,11.0,115.0,17%,9.0,42,5.0,0.0,32.0,9.0,0.0,0.0,6.0,2.0,0.16,0.0,0.0,73.0,27.0,37%,2.0,,,,,,,,
Harrison Reed,Midfielder,48.0,0.0,14.0,18.0,,,97.0,70%,,3.0,70.0,38.0,15.0,,215,177,188.0,16.0,27.0,47.0,,0.0,2.0,"1,775",36.98,2.0,31.0,23%,0.0,57,5.0,0.0,48.0,0.0,0.0,0.0,0.0,2.0,48.0,0.0,0.0,17.0,6.0,35%,0.0,,,,,,,,
Harry Maguire,Defender,196.0,11.0,83.0,67.0,51.0,258.0,243.0,67%,5.0,34.0,306.0,839.0,525.0,0.0,"1,168","1,193",592.0,119.0,684.0,268.0,0.0,3.0,8.0,"10,663",54.4,9.0,39.0,15%,6.0,878,43.0,2.0,172.0,19.0,7.0,4.0,0.0,6.0,,,,,,,,,,,,,,,
Hélder Costa,Forward,48.0,4.0,17.0,21.0,,,43.0,,,14.0,12.0,10.0,6.0,,,,,,,,,,5.0,750,15.62,3.0,71.0,,,,3.0,0.0,41.0,9.0,0.0,1.0,3.0,0.0,0.08,0.0,0.0,42.0,13.0,31%,6.0,,,,,,,,
Ibrahima Diallo,Midfielder,41.0,0.0,13.0,17.0,,,46.0,52%,,4.0,16.0,18.0,8.0,,130,110,108.0,25.0,17.0,25.0,,0.0,2.0,932,22.73,2.0,10.0,20%,0.0,29,3.0,0.0,28.0,0.0,0.0,0.0,0.0,1.0,41.0,0.0,0.0,14.0,4.0,29%,1.0,,,,,,,,
Ibrahima Konaté,Defender,8.0,0.0,5.0,0.0,4.0,7.0,10.0,60%,0.0,0.0,12.0,28,13.0,0.0,46,39,22,1.0,26.0,12.0,0.0,0.0,0.0,519,64.88,0.0,0,0%,2.0,20.0,2.0,0.0,8.0,0.0,0.0,0.0,0.0,0.0,,,,,,,,,,,,,,,
Ignacio Pussetto,Forward,7.0,0.0,1.0,4.0,,,7.0,,,0.0,3.0,3,1.0,,,,,,,,,,0.0,29,4.14,0.0,4,,,,1.0,0.0,3.0,0.0,0.0,0.0,0.0,0.0,7.0,0.0,0.0,0.0,0.0,0%,0.0,,,,,,,,
Illan Meslier,Goalkeeper,62.0,0.0,21.0,28.0,14.0,113.0,,,,,,,,,,,,,,,1.0,2.0,0.0,"1,901",30.66,,,,,266,2.0,0.0,1.0,,,,,,,,,,,,,242.0,1.0,39.0,39.0,6.0,26.0,494.0,474
Imrân Louza,Midfielder,13.0,0.0,2.0,10.0,,,23.0,48%,,3.0,24.0,11,5.0,,74,45,47,9.0,4.0,12.0,,0.0,0.0,383,29.46,0.0,29,21%,0.0,28.0,3.0,0.0,15.0,0.0,0.0,0.0,0.0,0.0,13.0,0.0,0.0,7.0,2.0,29%,0.0,,,,,,,,
Ismaila Coulibaly,Midfielder,0.0,0.0,0.0,0.0,,,0.0,0%,,0.0,0.0,0.0,0.0,,0,0,0.0,0.0,0.0,0.0,,0.0,0.0,0,0.0,0.0,0.0,0%,0.0,0,0.0,0.0,0.0,0.0,0.0,0.0,0.0,0.0,0.0,0.0,0.0,0.0,0.0,0%,0.0,,,,,,,,
Ismaïla Sarr,Forward,44.0,10.0,12.0,24.0,,,17.0,,,19.0,27.0,10,5.0,,,,,,,,,,5.0,804,18.27,13.0,148,,,,3.0,0.0,35.0,20.0,1.0,9.0,0.0,2.0,0.23,0.0,0.0,78.0,29.0,37%,9.0,,,,,,,,
Issa Kaboré,Defender,93.0,6.0,37.0,37.0,15.0,134.0,124.0,60%,1.0,2.0,139.0,409.0,209.0,2.0,422.0,367.0,238.0,14.0,191.0,118.0,2.0,2.0,2.0,"3,053",32.83,4.0,1.0,1%,2.0,134.0,15.0,0.0,61.0,5.0,5.0,1.0,0.0,0.0,,,,,,,,,,,,,,,
Jack Butland,Goalkeeper,84.0,0.0,24.0,35.0,20.0,126.0,,,,,,,,,,,,,,,1.0,1.0,0.0,"2,514",29.93,,,,,781,0.0,0.0,1.0,,,,,,,,,,,,,299.0,1.0,36.0,80.0,37.0,71.0,289.0,765
Jack Clarke,Forward,0.0,0.0,0.0,0.0,,,0.0,,,0.0,0.0,0.0,0.0,,,,,,,,,,0.0,0,0.0,0.0,0.0,,,,0.0,0.0,0.0,0.0,0.0,0.0,0.0,0.0,0.0,0.0,0.0,0.0,0.0,0%,0.0,,,,,,,,
Jack Grealish,Midfielder,114.0,17.0,42.0,53.0,,,89.0,65%,,65.0,60.0,24,9.0,,457,734,509,212.0,63.0,87.0,,1.0,18.0,"3,712",32.56,29.0,299,23%,5.0,137.0,16.0,0.0,94.0,17.0,1.0,12.0,4.0,4.0,0.15,0.0,0.0,184.0,65.0,35%,16.0,,,,,,,,
Jack Harrison,Midfielder,60.0,12.0,20.0,29.0,,,94.0,64%,,17.0,28.0,29,9.0,,259,252,367,81.0,39.0,81.0,,0.0,9.0,"1,587",26.45,11.0,269,15%,5.0,47.0,4.0,0.0,45.0,16.0,0.0,6.0,6.0,2.0,0.2,0.0,0.0,72.0,29.0,40%,7.0,,,,,,,,
Jack Robinson,Defender,20.0,0.0,4.0,10.0,3.0,23.0,28.0,43%,0.0,1.0,19.0,69,28.0,0.0,90,90,66,6.0,46.0,41.0,0.0,0.0,1.0,714,35.7,1.0,13,8%,0.0,30.0,4.0,0.0,15.0,1.0,0.0,0.0,0.0,0.0,,,,,,,,,,,,,,,
Jack Rodwell,Midfielder,167.0,10.0,50.0,64.0,,,212.0,78%,,63.0,113.0,227,79.0,,482,470,423,49.0,148.0,114.0,,2.0,4.0,"3,881",23.24,2.0,67,13%,11.0,271.0,26.0,1.0,135.0,7.0,4.0,3.0,3.0,2.0,0.06,0.0,0.0,210.0,58.0,28%,13.0,,,,,,,,
Jack Stacey,Defender,19.0,0.0,4.0,11.0,1.0,27.0,21.0,52%,0.0,0.0,18.0,54,34.0,0.0,88,74,62,16.0,27.0,20.0,0.0,0.0,2.0,601,31.63,4.0,36,11%,1.0,28.0,2.0,0.0,10.0,1.0,0.0,0.0,0.0,0.0,,,,,,,,,,,,,,,
Jadon Sancho,Forward,23.0,3.0,10.0,5.0,,,10.0,,,7.0,6.0,5,3.0,,,,,,,,,,2.0,689,29.96,4.0,22,,,,0.0,0.0,3.0,6.0,0.0,3.0,0.0,0.0,0.13,0.0,0.0,20.0,7.0,35%,3.0,,,,,,,,
Jakub Moder,Midfielder,38.0,0.0,11.0,13.0,,,56.0,55%,,15.0,13.0,27.0,11.0,,140,123,164.0,21.0,32.0,49.0,,0.0,3.0,"1,020",26.84,5.0,55.0,16%,6.0,17,2.0,0.0,31.0,2.0,0.0,0.0,0.0,4.0,38.0,0.0,0.0,41.0,9.0,22%,5.0,,,,,,,,
Jamal Lewis,Defender,57.0,1.0,11.0,39.0,6.0,97.0,96.0,64%,0.0,3.0,39.0,99.0,34.0,0.0,263,201,199.0,46.0,18.0,41.0,0.0,0.0,1.0,"1,773",31.11,2.0,91.0,25%,1.0,66,9.0,0.0,35.0,3.0,0.0,0.0,1.0,1.0,,,,,,,,,,,,,,,
James Justin,Defender,40.0,2.0,19.0,12.0,13.0,45.0,102.0,54%,0.0,4.0,45.0,81,54.0,0.0,187,237,192,26.0,49.0,80.0,1.0,0.0,2.0,"1,858",46.45,5.0,97,14%,0.0,50.0,5.0,0.0,27.0,5.0,0.0,2.0,0.0,1.0,,,,,,,,,,,,,,,
James McCarthy,Midfielder,272.0,13.0,91.0,109.0,,,687.0,73%,,66.0,426.0,373,127.0,,"1,330","1,214","1,034",124.0,155.0,171.0,,3.0,12.0,"11,122",40.89,8.0,193,29%,23.0,856.0,48.0,1.0,311.0,2.0,0.0,10.0,3.0,4.0,0.05,0.0,0.0,179.0,47.0,26%,8.0,,,,,,,,
Jannik Vestergaard,Defender,82.0,4.0,28.0,37.0,14.0,119.0,137.0,63%,1.0,8.0,110.0,422,241.0,0.0,382,472,268,24.0,276.0,148.0,0.0,1.0,0.0,"3,807",46.43,3.0,7,29%,3.0,229.0,10.0,1.0,49.0,1.0,4.0,0.0,0.0,2.0,,,,,,,,,,,,,,,
Jarrad Branthwaite,Defender,7.0,1.0,1.0,4.0,1.0,12.0,11.0,73%,0.0,0.0,3.0,16,9.0,0.0,36,30,29,1.0,14.0,17.0,0.0,0.0,0.0,295,42.14,0.0,0,0%,0.0,15.0,0.0,0.0,5.0,0.0,0.0,1.0,0.0,0.0,,,,,,,,,,,,,,,
Jarrod Bowen,Forward,86.0,17.0,36.0,33.0,,,79.0,,,53.0,58.0,15,7.0,,,,,,,,,,17.0,"1,478",17.19,23.0,299,,,,3.0,0.0,42.0,29.0,2.0,2.0,11.0,6.0,0.2,0.0,0.0,148.0,51.0,34%,22.0,,,,,,,,
Jay Rodríguez,Forward,11.0,0.0,2.0,7.0,,,5.0,,,3.0,1.0,1,0.0,,,,,,,,,,0.0,81,7.36,1.0,7,,,,0.0,0.0,1.0,2.0,0.0,0.0,0.0,0.0,11.0,0.0,0.0,6.0,2.0,33%,0.0,,,,,,,,
Jayden Bogle,Defender,16.0,2.0,4.0,11.0,2.0,20.0,33.0,70%,0.0,4.0,14.0,18.0,10.0,0.0,64,71,93.0,11.0,18.0,23.0,0.0,0.0,0.0,312,19.5,0.0,12.0,8%,0.0,4,2.0,0.0,15.0,1.0,0.0,0.0,2.0,0.0,,,,,,,,,,,,,,,
Jean-Philippe Gbamin,Midfielder,6.0,0.0,1.0,1.0,,,6.0,67%,,0.0,2.0,6,4.0,,14,17,17,4.0,4.0,2.0,,0.0,0.0,101,16.83,0.0,0,0%,0.0,2.0,0.0,0.0,2.0,0.0,0.0,0.0,0.0,0.0,6.0,0.0,0.0,0.0,0.0,0%,0.0,,,,,,,,
Joachim Andersen,Defender,55.0,1.0,11.0,20.0,15.0,64.0,52.0,63%,1.0,3.0,74.0,228,122.0,1.0,271,217,153,14.0,132.0,73.0,1.0,2.0,2.0,"3,577",65.04,0.0,15,13%,2.0,348.0,10.0,1.0,50.0,2.0,0.0,1.0,0.0,1.0,,,,,,,,,,,,,,,
Joe Gelhardt,Forward,11.0,1.0,1.0,9.0,,,3.0,,,6.0,0.0,1.0,0.0,,,,,,,,,,1.0,78,7.09,1.0,1.0,,,,3.0,0.0,11.0,3.0,0.0,1.0,0.0,0.0,0.09,0.0,0.0,14.0,5.0,36%,1.0,,,,,,,,
Joe Rodon,Defender,13.0,0.0,6.0,4.0,2.0,15.0,14.0,64%,1.0,0.0,21.0,42.0,21.0,0.0,39,45,18.0,0.0,23.0,15.0,0.0,1.0,0.0,451,34.69,0.0,0.0,0%,0.0,18,0.0,0.0,2.0,1.0,0.0,0.0,0.0,0.0,,,,,,,,,,,,,,,
Joe Willock,Midfielder,76.0,11.0,26.0,27.0,,,114.0,54%,,16.0,44.0,26,11.0,,234,281,308,75.0,37.0,58.0,,0.0,1.0,"1,141",15.01,1.0,42,19%,4.0,41.0,3.0,0.0,56.0,0.0,2.0,6.0,3.0,0.0,0.14,0.0,0.0,68.0,25.0,37%,6.0,,,,,,,,
Joelinton,Forward,94.0,8.0,26.0,38.0,,,128.0,,,29.0,46.0,87,61.0,,,,,,,,,,5.0,"2,060",21.91,7.0,34,,,,16.0,0.0,98.0,27.0,1.0,4.0,3.0,2.0,0.09,1.0,0.0,126.0,46.0,37%,15.0,,,,,,,,
Jordan Ayew,Forward,194.0,27.0,51.0,97.0,,,297.0,,,97.0,101.0,71,44.0,,,,,,,,,,15.0,"4,120",21.24,16.0,237,,,,23.0,2.0,291.0,48.0,4.0,19.0,4.0,8.0,0.14,2.0,0.0,276.0,91.0,33%,19.0,,,,,,,,
Josh Brownhill,Midfielder,66.0,1.0,17.0,27.0,,,110.0,55%,,20.0,124.0,80,36.0,,364,310,261,36.0,117.0,95.0,,0.0,2.0,"2,223",33.68,1.0,48,27%,1.0,85.0,12.0,0.0,66.0,2.0,0.0,0.0,1.0,1.0,0.02,0.0,0.0,59.0,13.0,22%,1.0,,,,,,,,
Josh Brownhill,Midfielder,66.0,1.0,17.0,27.0,,,110.0,55%,,20.0,124.0,80,36.0,,364,310,261,36.0,117.0,95.0,,0.0,2.0,"2,223",33.68,1.0,48,27%,1.0,85.0,12.0,0.0,66.0,2.0,0.0,0.0,1.0,1.0,0.02,0.0,0.0,59.0,13.0,22%,1.0,,,,,,,,
Josh Sargent,Forward,23.0,2.0,4.0,15.0,,,25.0,,,12.0,10.0,17,8.0,,,,,,,,,,1.0,349,15.17,0.0,10,,,,1.0,0.0,8.0,4.0,1.0,1.0,0.0,0.0,0.09,0.0,0.0,23.0,3.0,13%,2.0,,,,,,,,
Joshua King,Forward,196.0,53.0,54.0,98.0,,,179.0,,,78.0,55.0,112.0,77.0,,,,,,,,,,17.0,"3,623",18.48,40.0,178.0,,,,12.0,0.0,271.0,50.0,1.0,40.0,12.0,7.0,0.27,13.0,0.0,320.0,126.0,39%,30.0,,,,,,,,
José Sá,Goalkeeper,27.0,0.0,12.0,11.0,9.0,23.0,,,,,,,,,,,,,,,1.0,1.0,1.0,628,23.26,,,,,102.0,3.0,0.0,1.0,,,,,,,,,,,,,95.0,0.0,14.0,29.0,1.0,24.0,163.0,192.0
João Cancelo,Defender,71.0,3.0,51.0,12.0,32.0,46.0,166.0,62%,1.0,34.0,110.0,67.0,39.0,0.0,403,422,381.0,127.0,87.0,91.0,0.0,0.0,8.0,"5,028",70.82,19.0,209.0,15%,21.0,209,14.0,1.0,79.0,4.0,0.0,2.0,1.0,2.0,,,,,,,,,,,,,,,
João Pedro,Forward,22.0,2.0,2.0,17.0,,,7.0,,,11.0,8.0,9,5.0,,,,,,,,,,1.0,302,13.73,3.0,20,,,,1.0,0.0,10.0,2.0,1.0,1.0,0.0,0.0,0.09,0.0,0.0,32.0,10.0,31%,1.0,,,,,,,,
Joël Veltman,Defender,51.0,1.0,10.0,18.0,11.0,54.0,116.0,60%,0.0,6.0,64.0,113.0,54.0,0.0,266,287,211.0,31.0,77.0,58.0,0.0,0.0,2.0,"2,361",46.29,5.0,98.0,28%,3.0,115,8.0,0.0,59.0,0.0,0.0,0.0,1.0,0.0,,,,,,,,,,,,,,,
Junior Firpo,Defender,18.0,0.0,4.0,10.0,1.0,38.0,44.0,41%,0.0,2.0,17.0,24,12.0,1.0,66,88,71,12.0,21.0,15.0,1.0,0.0,1.0,595,33.06,1.0,18,28%,0.0,16.0,8.0,0.0,29.0,1.0,0.0,0.0,0.0,0.0,,,,,,,,,,,,,,,
Kai Havertz,Midfielder,45.0,8.0,22.0,11.0,,,29.0,48%,,19.0,7.0,42.0,32.0,,113,145,221.0,32.0,53.0,70.0,,1.0,4.0,"1,143",25.4,3.0,15.0,20%,3.0,16,3.0,0.0,51.0,17.0,3.0,0.0,5.0,0.0,0.18,0.0,0.0,63.0,26.0,41%,14.0,,,,,,,,
Kaoru Mitoma,Forward,0.0,0.0,0.0,0.0,,,0.0,,,0.0,0.0,0,0.0,,,,,,,,,,0.0,0,0.0,0.0,0,,,,0.0,0.0,0.0,0.0,0.0,0.0,0.0,0.0,0.0,0.0,0.0,0.0,0.0,0%,0.0,,,,,,,,
Karlan Grant,Forward,34.0,5.0,2.0,24.0,,,10.0,,,5.0,7.0,16.0,11.0,,,,,,,,,,0.0,429,12.62,0.0,23.0,,,,1.0,0.0,17.0,10.0,1.0,2.0,2.0,0.0,0.15,0.0,0.0,37.0,21.0,57%,6.0,,,,,,,,
Kayky,Forward,1.0,0.0,1.0,0.0,,,0.0,,,0.0,0.0,0,0.0,,,,,,,,,,0.0,2,2.0,0.0,0,,,,0.0,0.0,1.0,0.0,0.0,0.0,0.0,0.0,1.0,0.0,0.0,0.0,0.0,0%,0.0,,,,,,,,
Kaylen Hinds,Forward,0.0,0.0,0.0,0.0,,,0.0,,,0.0,0.0,0,0.0,,,,,,,,,,0.0,0,0.0,0.0,0,,,,0.0,0.0,0.0,0.0,0.0,0.0,0.0,0.0,0.0,0.0,0.0,0.0,0.0,0%,0.0,,,,,,,,
Kenny Tete,Defender,22.0,0.0,3.0,12.0,4.0,27.0,48.0,63%,0.0,3.0,27.0,44.0,21.0,0.0,85,105,72.0,10.0,29.0,20.0,0.0,0.0,1.0,690,31.36,2.0,72.0,32%,0.0,32,3.0,0.0,28.0,2.0,0.0,0.0,0.0,0.0,,,,,,,,,,,,,,,
Ki-Jana Hoever,Defender,20.0,0.0,3.0,11.0,,,24.0,50%,,0.0,15.0,29,12.0,,58,58,59,17.0,9.0,12.0,,0.0,0.0,409,20.45,0.0,29,10%,0.0,12.0,2.0,0.0,9.0,2.0,0.0,0.0,0.0,0.0,20.0,0.0,0.0,2.0,0.0,2%,0.0,,,,,,,,
Kieran Tierney,Defender,61.0,3.0,30.0,20.0,16.0,62.0,61.0,70%,0.0,12.0,39.0,126.0,55.0,0.0,248,177,185.0,35.0,38.0,79.0,0.0,0.0,7.0,"2,378",38.98,6.0,236.0,19%,0.0,99,6.0,0.0,26.0,1.0,0.0,1.0,2.0,2.0,,,,,,,,,,,,,,,
Kieran Trippier,Defender,111.0,4.0,56.0,34.0,29.0,106.0,237.0,67%,0.0,11.0,153.0,288,160.0,2.0,652,549,394,49.0,164.0,123.0,1.0,2.0,18.0,"5,247",47.27,30.0,730,26%,10.0,396.0,7.0,0.0,69.0,12.0,0.0,4.0,0.0,1.0,,,,,,,,,,,,,,,
Kjell Scherpen,Goalkeeper,0.0,0.0,0.0,0.0,0.0,0.0,,,,,,,,,,,,,,,0.0,0.0,0.0,0,0.0,,,,,0.0,0.0,0.0,0.0,,,,,,,,,,,,,0.0,0.0,0.0,0.0,0.0,0.0,0.0,0.0
Konstantinos Tsimikas,Defender,12.0,0.0,7.0,2.0,3.0,4.0,21.0,43%,0.0,2.0,9.0,16.0,6.0,0.0,46,42,49.0,7.0,9.0,11.0,0.0,0.0,2.0,361,30.08,3.0,85.0,22%,0.0,8,2.0,0.0,19.0,0.0,0.0,0.0,0.0,0.0,,,,,,,,,,,,,,,
Kortney Hause,Defender,32.0,3.0,9.0,15.0,,,28.0,50%,,2.0,34.0,159.0,86.0,,183,212,118.0,12.0,159.0,60.0,,1.0,0.0,"1,253",39.16,1.0,0.0,0%,2.0,95,5.0,0.0,35.0,2.0,2.0,1.0,0.0,1.0,0.09,0.0,0.0,27.0,6.0,22%,4.0,,,,,,,,
Kristoffer Ajer,Defender,15.0,0.0,3.0,8.0,3.0,21.0,18.0,61%,0.0,3.0,15.0,54,23.0,1.0,63,72,49,7.0,33.0,24.0,0.0,0.0,2.0,420,28.0,2.0,9,22%,1.0,15.0,4.0,0.0,9.0,0.0,0.0,0.0,0.0,0.0,,,,,,,,,,,,,,,
Kristoffer Klaesson,Goalkeeper,0.0,0.0,0.0,0.0,0.0,0.0,,,,,,,,,,,,,,,0.0,0.0,0.0,0,0.0,,,,,0.0,0.0,0.0,0.0,,,,,,,,,,,,,0.0,0.0,0.0,0.0,0.0,0.0,0.0,0.0
Kurt Zouma,Defender,181.0,10.0,79.0,61.0,48.0,203.0,187.0,68%,5.0,19.0,275.0,826,448.0,1.0,738,836,419,52.0,533.0,221.0,1.0,2.0,4.0,"8,076",44.62,2.0,21,10%,0.0,500.0,14.0,1.0,110.0,6.0,9.0,1.0,0.0,4.0,,,,,,,,,,,,,,,
Kyle Walker-Peters,Defender,73.0,1.0,31.0,22.0,19.0,84.0,155.0,63%,1.0,17.0,87.0,110.0,54.0,1.0,409,428,331.0,124.0,44.0,86.0,0.0,1.0,9.0,"2,841",38.92,9.0,102.0,16%,2.0,76,11.0,0.0,67.0,11.0,0.0,1.0,0.0,2.0,,,,,,,,,,,,,,,
Leander Dendoncker,Midfielder,112.0,8.0,48.0,35.0,,,200.0,48%,,13.0,94.0,164.0,108.0,,457,535,469.0,38.0,263.0,220.0,,1.0,2.0,"3,674",32.8,3.0,26.0,27%,1.0,138,14.0,0.0,84.0,5.0,2.0,3.0,3.0,5.0,0.07,0.0,0.0,82.0,29.0,35%,14.0,,,,,,,,
Leandro Trossard,Forward,91.0,14.0,20.0,35.0,,,80.0,,,42.0,43.0,12,5.0,,,,,,,,,,9.0,"2,517",27.66,12.0,198,,,,4.0,0.0,59.0,18.0,0.0,11.0,3.0,9.0,0.15,1.0,0.0,157.0,56.0,36%,15.0,,,,,,,,
Leon Bailey,Forward,12.0,1.0,4.0,8.0,,,12.0,,,5.0,1.0,1,0.0,,,,,,,,,,2.0,123,10.25,0.0,27,,,,2.0,0.0,5.0,2.0,0.0,0.0,1.0,0.0,0.08,0.0,0.0,14.0,5.0,36%,0.0,,,,,,,,
Lloyd Kelly,Defender,8.0,0.0,2.0,5.0,1.0,15.0,7.0,43%,0.0,1.0,6.0,15,5.0,0.0,42,22,31,2.0,11.0,20.0,0.0,1.0,0.0,201,25.12,0.0,6,17%,0.0,10.0,2.0,0.0,7.0,0.0,0.0,0.0,0.0,0.0,,,,,,,,,,,,,,,
Lucas Digne,Defender,119.0,4.0,45.0,45.0,33.0,158.0,246.0,63%,1.0,39.0,155.0,298,150.0,0.0,617,737,514,65.0,333.0,163.0,3.0,0.0,19.0,"4,863",40.87,34.0,879,26%,2.0,179.0,18.0,2.0,139.0,9.0,0.0,0.0,4.0,8.0,,,,,,,,,,,,,,,
Lukas Jensen,Goalkeeper,0.0,0.0,0.0,0.0,0.0,0.0,,,,,,,,,,,,,,,0.0,0.0,0.0,0,0.0,,,,,0.0,0.0,0.0,0.0,,,,,,,,,,,,,0.0,0.0,0.0,0.0,0.0,0.0,0.0,0.0
Lukas Rupp,Midfielder,23.0,0.0,3.0,15.0,,,22.0,59%,,5.0,23.0,8,4.0,,99,52,89,11.0,7.0,20.0,,0.0,0.0,541,23.52,3.0,6,17%,4.0,11.0,1.0,0.0,16.0,0.0,0.0,0.0,0.0,0.0,23.0,0.0,0.0,15.0,4.0,27%,1.0,,,,,,,,
Luke Freeman,Midfielder,11.0,0.0,3.0,3.0,,,6.0,67%,,2.0,10.0,5,3.0,,20,23,35,8.0,4.0,6.0,,0.0,0.0,133,12.09,0.0,15,40%,1.0,2.0,2.0,0.0,6.0,0.0,0.0,0.0,0.0,0.0,11.0,0.0,0.0,3.0,0.0,3%,0.0,,,,,,,,
Luke Plange,Forward,0.0,0.0,0.0,0.0,,,0.0,,,0.0,0.0,0,0.0,,,,,,,,,,0.0,0,0.0,0.0,0,,,,0.0,0.0,0.0,0.0,0.0,0.0,0.0,0.0,0.0,0.0,0.0,0.0,0.0,0%,0.0,,,,,,,,
Lyanco,Defender,11.0,0.0,3.0,4.0,0.0,12.0,11.0,73%,0.0,2.0,6.0,21,5.0,0.0,55,33,24,4.0,12.0,8.0,0.0,0.0,0.0,243,22.09,0.0,4,4%,0.0,11.0,2.0,0.0,12.0,0.0,0.0,0.0,0.0,0.0,,,,,,,,,,,,,,,
Lys Mousset,Forward,99.0,9.0,31.0,49.0,,,26.0,,,25.0,8.0,18,10.0,,,,,,,,,,4.0,629,6.35,10.0,20,,,,3.0,0.0,55.0,25.0,1.0,6.0,2.0,1.0,0.09,0.0,0.0,85.0,26.0,31%,12.0,,,,,,,,
Marc Cucurella,Defender,24.0,0.0,5.0,7.0,4.0,27.0,65.0,65%,0.0,2.0,17.0,38,15.0,2.0,171,127,99,17.0,27.0,25.0,0.0,0.0,1.0,"1,353",56.38,2.0,86,23%,5.0,46.0,4.0,0.0,17.0,2.0,0.0,0.0,0.0,0.0,,,,,,,,,,,,,,,
Marc Guehi,Defender,27.0,2.0,7.0,8.0,7.0,35.0,30.0,53%,0.0,5.0,25.0,88,44.0,2.0,145,117,61,10.0,50.0,44.0,0.0,0.0,0.0,"1,757",65.07,0.0,3,3%,1.0,109.0,4.0,0.0,11.0,0.0,0.0,1.0,1.0,0.0,,,,,,,,,,,,,,,
Martin Ødegaard,Midfielder,37.0,6.0,22.0,9.0,,,39.0,41%,,22.0,8.0,12,3.0,,139,97,126,27.0,13.0,23.0,,0.0,5.0,"1,451",39.22,6.0,73,32%,19.0,41.0,2.0,0.0,15.0,3.0,1.0,1.0,4.0,1.0,0.16,0.0,1.0,43.0,15.0,35%,1.0,,,,,,,,
Marvelous Nakamba,Midfielder,54.0,0.0,20.0,26.0,,,101.0,56%,,0.0,65.0,52.0,16.0,,281,207,183.0,29.0,35.0,46.0,,2.0,0.0,"1,388",25.7,0.0,6.0,6%,1.0,43,12.0,0.0,47.0,0.0,0.0,0.0,0.0,0.0,54.0,0.0,0.0,9.0,2.0,22%,0.0,,,,,,,,
Marçal,Defender,28.0,0.0,13.0,12.0,6.0,21.0,50.0,48%,0.0,4.0,31.0,51,30.0,0.0,109,105,97,12.0,31.0,25.0,0.0,0.0,0.0,858,30.64,1.0,63,14%,0.0,35.0,4.0,0.0,36.0,1.0,0.0,0.0,0.0,1.0,,,,,,,,,,,,,,,
Mateo Kovacic,Midfielder,108.0,3.0,59.0,25.0,,,195.0,62%,,36.0,52.0,51.0,21.0,,501,548,358.0,203.0,33.0,43.0,,0.0,11.0,"5,957",55.16,13.0,25.0,12%,34.0,257,18.0,0.0,76.0,0.0,0.0,3.0,0.0,1.0,0.03,0.0,0.0,88.0,17.0,19%,3.0,,,,,,,,
Matheus Pereira,Midfielder,33.0,11.0,5.0,18.0,,,26.0,58%,,14.0,29.0,14.0,8.0,,172,131,187.0,40.0,13.0,34.0,,0.0,6.0,940,28.48,11.0,145.0,25%,9.0,48,2.0,1.0,34.0,13.0,0.0,0.0,11.0,3.0,0.33,4.0,1.0,65.0,28.0,43%,2.0,,,,,,,,
Matt Clarke,Goalkeeper,42.0,0.0,7.0,21.0,7.0,0.0,,,,,,,,,,,,,,,0.0,0.0,0.0,0,42.0,,,,,0.0,3.0,1.0,0.0,,,,,,,,,,,,,0.0,0.0,0.0,0.0,0.0,0.0,0.0,0.0
Matt Doherty,Defender,102.0,9.0,47.0,28.0,24.0,93.0,166.0,58%,1.0,19.0,136.0,181.0,129.0,1.0,420,614,483.0,58.0,337.0,230.0,1.0,0.0,14.0,"3,865",37.89,15.0,152.0,22%,8.0,133,8.0,1.0,85.0,6.0,3.0,2.0,4.0,2.0,,,,,,,,,,,,,,,
Matt Targett,Defender,130.0,3.0,47.0,54.0,30.0,163.0,243.0,58%,0.0,12.0,207.0,274.0,129.0,1.0,565,556,430.0,40.0,189.0,151.0,1.0,1.0,9.0,"4,678",35.98,19.0,469.0,25%,10.0,296,16.0,0.0,84.0,2.0,1.0,0.0,2.0,1.0,,,,,,,,,,,,,,,
Matty Cash,Defender,54.0,2.0,23.0,25.0,17.0,68.0,143.0,57%,0.0,11.0,98.0,142.0,75.0,3.0,258,294,251.0,32.0,72.0,77.0,0.0,0.0,4.0,"1,819",33.69,5.0,150.0,25%,2.0,97,14.0,1.0,63.0,4.0,0.0,1.0,1.0,0.0,,,,,,,,,,,,,,,
Max Lowe,Defender,8.0,0.0,1.0,6.0,0.0,10.0,26.0,42%,0.0,1.0,5.0,6.0,1.0,0.0,25,41,50.0,7.0,5.0,20.0,0.0,0.0,0.0,172,21.5,0.0,22.0,5%,0.0,5,1.0,0.0,10.0,0.0,0.0,0.0,0.0,0.0,,,,,,,,,,,,,,,
Maxwel Cornet,Midfielder,16.0,6.0,2.0,7.0,,,10.0,60%,,5.0,6.0,9,5.0,,48,48,72,10.0,16.0,27.0,,0.0,0.0,206,12.88,1.0,23,22%,3.0,2.0,2.0,0.0,11.0,16.0,1.0,2.0,3.0,0.0,0.38,0.0,1.0,26.0,13.0,50%,1.0,,,,,,,,
Melvin Sitti,Midfielder,0.0,0.0,0.0,0.0,,,0.0,0%,,0.0,0.0,0,0.0,,0,0,0,0.0,0.0,0.0,,0.0,0.0,0,0.0,0.0,0,0%,0.0,0.0,0.0,0.0,0.0,0.0,0.0,0.0,0.0,0.0,0.0,0.0,0.0,0.0,0.0,0%,0.0,,,,,,,,
Michael Olise,Midfielder,21.0,2.0,5.0,7.0,,,16.0,81%,,4.0,5.0,5,1.0,,56,65,78,20.0,7.0,10.0,,0.0,5.0,459,21.86,7.0,76,17%,4.0,21.0,3.0,0.0,13.0,0.0,0.0,0.0,2.0,0.0,0.1,0.0,1.0,16.0,9.0,56%,0.0,,,,,,,,
Michal Karbownik,Defender,0.0,0.0,0.0,0.0,0.0,0.0,0.0,0%,0.0,0.0,0.0,0.0,0.0,0.0,0,0,0.0,0.0,0.0,0.0,0.0,0.0,0.0,0,0.0,0.0,0.0,0%,0.0,0,0.0,0.0,0.0,0.0,0.0,0.0,0.0,0.0,,,,,,,,,,,,,,,
Michel Vorm,Goalkeeper,102.0,0.0,32.0,39.0,31.0,132.0,,,,,,,,,,,,,,,0.0,7.0,0.0,"2,303",22.58,,,,,487,5.0,1.0,2.0,,,,,,,,,,,,,322.0,3.0,47.0,131.0,49.0,27.0,577.0,881
Milot Rashica,Midfielder,21.0,1.0,4.0,13.0,,,16.0,50%,,7.0,12.0,16,6.0,,85,75,106,12.0,11.0,20.0,,0.0,2.0,303,14.43,0.0,102,22%,1.0,15.0,0.0,0.0,18.0,9.0,0.0,1.0,0.0,1.0,0.05,0.0,0.0,28.0,12.0,43%,2.0,,,,,,,,
Mohammed Salisu,Defender,37.0,0.0,11.0,13.0,6.0,52.0,100.0,59%,0.0,4.0,77.0,137.0,62.0,1.0,224,227,153.0,20.0,98.0,66.0,0.0,0.0,0.0,"1,643",44.41,1.0,8.0,13%,0.0,70,9.0,1.0,43.0,1.0,0.0,0.0,0.0,0.0,,,,,,,,,,,,,,,
Moise Kean,Forward,32.0,2.0,9.0,13.0,,,6.0,,,5.0,5.0,1.0,1.0,,,,,,,,,,2.0,132,4.12,5.0,14.0,,,,1.0,0.0,28.0,4.0,0.0,2.0,0.0,0.0,0.06,0.0,0.0,31.0,13.0,42%,4.0,,,,,,,,
Moisés Caicedo,Midfielder,0.0,0.0,0.0,0.0,,,0.0,0%,,0.0,0.0,0.0,0.0,,0,0,0.0,0.0,0.0,0.0,,0.0,0.0,0,0.0,0.0,0.0,0%,0.0,0,0.0,0.0,0.0,0.0,0.0,0.0,0.0,0.0,0.0,0.0,0.0,0.0,0.0,0%,0.0,,,,,,,,
Morgan Sanson,Midfielder,17.0,0.0,5.0,8.0,,,17.0,59%,,0.0,13.0,3.0,2.0,,44,57,36.0,14.0,8.0,8.0,,1.0,0.0,258,15.18,0.0,22.0,14%,3.0,9,3.0,0.0,8.0,2.0,0.0,0.0,0.0,0.0,17.0,0.0,0.0,3.0,0.0,3%,0.0,,,,,,,,
Moussa Djenepo,Midfielder,55.0,3.0,17.0,27.0,,,88.0,58%,,10.0,21.0,26,13.0,,144,265,275,83.0,17.0,56.0,,0.0,2.0,748,13.6,3.0,35,20%,2.0,13.0,12.0,1.0,61.0,6.0,0.0,2.0,1.0,1.0,0.05,0.0,0.0,44.0,11.0,25%,5.0,,,,,,,,
Moussa Sissoko,Midfielder,284.0,16.0,125.0,107.0,,,331.0,75%,,58.0,207.0,244,151.0,,"1,558","1,245","1,580",439.0,295.0,391.0,,1.0,25.0,"10,010",35.25,34.0,481,23%,60.0,331.0,42.0,2.0,318.0,26.0,2.0,13.0,1.0,3.0,0.06,0.0,0.0,238.0,76.0,32%,22.0,,,,,,,,
Nathan Aké,Defender,165.0,14.0,63.0,71.0,37.0,236.0,272.0,63%,3.0,21.0,220.0,795.0,432.0,5.0,689,731,491.0,29.0,363.0,297.0,0.0,0.0,6.0,"6,923",41.96,10.0,62.0,19%,4.0,282,19.0,1.0,111.0,7.0,8.0,1.0,5.0,5.0,,,,,,,,,,,,,,,
Nathan Collins,Defender,8.0,0.0,1.0,4.0,3.0,11.0,14.0,43%,0.0,1.0,13.0,32,17.0,0.0,56,44,26,2.0,23.0,14.0,0.0,0.0,0.0,233,29.12,1.0,0,0%,0.0,21.0,1.0,0.0,8.0,2.0,0.0,0.0,0.0,0.0,,,,,,,,,,,,,,,
Neal Maupay,Forward,95.0,26.0,24.0,35.0,,,53.0,,,66.0,18.0,15,5.0,,,,,,,,,,7.0,"1,790",18.84,12.0,29,,,,8.0,1.0,90.0,31.0,3.0,17.0,6.0,1.0,0.27,5.0,0.0,213.0,78.0,37%,25.0,,,,,,,,
Nicolas N'Koulou,Defender,3.0,0.0,2.0,1.0,0.0,2.0,1.0,1%,0.0,0.0,2.0,8,4.0,0.0,9,4,2,1.0,2.0,0.0,0.0,0.0,0.0,57,19.0,0.0,0,0%,0.0,4.0,0.0,0.0,1.0,0.0,0.0,0.0,0.0,0.0,,,,,,,,,,,,,,,
Nicolas Pépé,Forward,72.0,16.0,33.0,21.0,,,57.0,,,25.0,28.0,18.0,11.0,,,,,,,,,,8.0,"1,580",21.94,10.0,202.0,,,,5.0,1.0,31.0,10.0,0.0,3.0,13.0,8.0,0.22,2.0,0.0,117.0,47.0,40%,7.0,,,,,,,,
Niels Nkounkou,Defender,2.0,0.0,0.0,2.0,0.0,1.0,4.0,75%,0.0,0.0,0.0,4.0,2.0,0.0,3,6,9.0,2.0,0.0,0.0,0.0,0.0,0.0,28,14.0,0.0,4.0,25%,0.0,1,1.0,0.0,1.0,0.0,0.0,0.0,0.0,0.0,,,,,,,,,,,,,,,
Nikola Vlasic,Midfielder,27.0,1.0,9.0,10.0,,,20.0,60%,,4.0,10.0,10,5.0,,66,69,85,21.0,10.0,19.0,,0.0,0.0,359,13.3,2.0,20,10%,2.0,4.0,0.0,0.0,13.0,4.0,0.0,1.0,0.0,0.0,0.04,0.0,0.0,10.0,3.0,30%,0.0,,,,,,,,
Nuno Tavares,Defender,14.0,0.0,9.0,5.0,3.0,10.0,10.0,60%,0.0,3.0,5.0,18,14.0,0.0,41,48,42,16.0,14.0,9.0,0.0,1.0,1.0,337,24.07,1.0,23,26%,0.0,9.0,1.0,0.0,11.0,0.0,0.0,0.0,0.0,0.0,,,,,,,,,,,,,,,
Nélson Semedo,Defender,57.0,1.0,22.0,23.0,14.0,61.0,137.0,61%,1.0,11.0,59.0,120,64.0,0.0,323,345,300,96.0,55.0,72.0,1.0,1.0,2.0,"2,417",42.4,1.0,105,20%,2.0,73.0,6.0,0.0,63.0,6.0,0.0,1.0,0.0,0.0,,,,,,,,,,,,,,,
Odsonne Edouard,Forward,22.0,6.0,6.0,7.0,,,13.0,,,7.0,0.0,15,9.0,,,,,,,,,,3.0,327,14.86,2.0,6,,,,1.0,0.0,18.0,2.0,0.0,3.0,3.0,2.0,0.27,1.0,0.0,35.0,15.0,43%,6.0,,,,,,,,
Oliver Burke,Midfielder,40.0,1.0,5.0,31.0,,,22.0,55%,,11.0,9.0,6.0,3.0,,43,97,167.0,29.0,35.0,55.0,,0.0,3.0,392,9.8,5.0,19.0,16%,1.0,6,2.0,0.0,25.0,3.0,0.0,1.0,0.0,0.0,0.02,0.0,0.0,29.0,6.0,21%,4.0,,,,,,,,
Oliver McBurnie,Forward,75.0,7.0,19.0,43.0,,,57.0,,,14.0,21.0,72,65.0,,,,,,,,,,1.0,"1,189",15.85,4.0,17,,,,6.0,0.0,57.0,9.0,3.0,4.0,0.0,1.0,0.09,0.0,0.0,87.0,42.0,48%,18.0,,,,,,,,
Ollie Watkins,Forward,60.0,21.0,25.0,26.0,,,37.0,,,39.0,15.0,42.0,31.0,,,,,,,,,,6.0,"1,268",21.13,10.0,34.0,,,,7.0,1.0,67.0,42.0,3.0,13.0,5.0,8.0,0.35,1.0,0.0,142.0,65.0,46%,20.0,,,,,,,,
Pablo Fornals,Midfielder,95.0,12.0,39.0,36.0,,,132.0,58%,,38.0,82.0,22,9.0,,448,301,459,65.0,52.0,112.0,,0.0,11.0,"2,824",29.73,15.0,159,16%,15.0,111.0,10.0,0.0,63.0,19.0,0.0,8.0,4.0,5.0,0.13,0.0,0.0,120.0,38.0,32%,11.0,,,,,,,,
Pablo Marí,Defender,14.0,0.0,7.0,5.0,5.0,12.0,22.0,59%,0.0,1.0,13.0,48.0,27.0,0.0,55,64,45.0,3.0,36.0,28.0,0.0,0.0,0.0,821,58.64,1.0,0.0,0%,0.0,30,3.0,0.0,11.0,0.0,0.0,0.0,0.0,0.0,,,,,,,,,,,,,,,
Pape Sarr,Midfielder,0.0,0.0,0.0,0.0,,,0.0,0%,,0.0,0.0,0,0.0,,0,0,0,0.0,0.0,0.0,,0.0,0.0,0,0.0,0.0,0,0%,0.0,0.0,0.0,0.0,0.0,0.0,0.0,0.0,0.0,0.0,0.0,0.0,0.0,0.0,0.0,0%,0.0,,,,,,,,
Patrick Cutrone,Forward,14.0,2.0,5.0,4.0,,,4.0,,,3.0,2.0,1.0,1.0,,,,,,,,,,0.0,61,4.36,1.0,6.0,,,,0.0,0.0,5.0,4.0,0.0,1.0,1.0,0.0,0.14,0.0,0.0,12.0,4.0,33%,2.0,,,,,,,,
Patson Daka,Forward,13.0,4.0,4.0,6.0,,,7.0,,,4.0,1.0,8,5.0,,,,,,,,,,3.0,140,10.77,2.0,1,,,,0.0,0.0,10.0,6.0,0.0,3.0,1.0,0.0,0.31,0.0,0.0,19.0,11.0,58%,3.0,,,,,,,,
Pedro Neto,Forward,64.0,8.0,24.0,22.0,,,27.0,,,25.0,39.0,9.0,5.0,,,,,,,,,,9.0,"1,417",22.14,14.0,260.0,,,,7.0,0.0,38.0,8.0,0.0,2.0,6.0,1.0,0.12,0.0,0.0,81.0,27.0,33%,7.0,,,,,,,,
Pedro Porro,Defender,0.0,0.0,0.0,0.0,0.0,0.0,0.0,0%,0.0,0.0,0.0,0.0,0.0,0.0,0,0,0.0,0.0,0.0,0.0,0.0,0.0,0.0,0,0.0,0.0,0.0,0%,0.0,0,0.0,0.0,0.0,0.0,0.0,0.0,0.0,0.0,,,,,,,,,,,,,,,
Philip Billing,Midfielder,77.0,3.0,16.0,46.0,,,171.0,62%,,24.0,137.0,147,85.0,,409,498,387,46.0,224.0,120.0,,1.0,1.0,"2,599",33.75,4.0,82,15%,2.0,136.0,18.0,0.0,89.0,5.0,1.0,0.0,2.0,3.0,0.04,0.0,0.0,82.0,19.0,23%,2.0,,,,,,,,
Pierre Lees-Melou,Midfielder,22.0,0.0,3.0,15.0,,,46.0,61%,,7.0,17.0,15,9.0,,107,84,96,10.0,11.0,10.0,,0.0,0.0,608,27.64,1.0,22,45%,6.0,46.0,4.0,0.0,25.0,1.0,0.0,0.0,0.0,0.0,22.0,0.0,0.0,23.0,7.0,30%,1.0,,,,,,,,
Pierre-Emile Höjbjerg,Midfielder,171.0,8.0,65.0,68.0,,,394.0,62%,,42.0,257.0,224.0,121.0,,"1,406",969,893.0,147.0,210.0,161.0,,2.0,10.0,"10,111",59.13,10.0,106.0,29%,28.0,498,31.0,2.0,234.0,2.0,0.0,6.0,2.0,4.0,0.05,0.0,0.0,177.0,57.0,32%,11.0,,,,,,,,
Raphaël Varane,Defender,16.0,0.0,8.0,2.0,4.0,11.0,25.0,68%,0.0,3.0,10.0,50,30.0,0.0,65,75,30,1.0,44.0,16.0,0.0,0.0,1.0,839,52.44,1.0,1,1%,0.0,58.0,0.0,0.0,3.0,0.0,0.0,0.0,0.0,0.0,,,,,,,,,,,,,,,
Raphinha,Forward,55.0,15.0,21.0,24.0,,,68.0,,,41.0,48.0,43.0,30.0,,,,,,,,,,11.0,"1,630",29.64,19.0,284.0,,,,8.0,0.0,42.0,24.0,0.0,1.0,14.0,7.0,0.27,3.0,2.0,136.0,43.0,32%,8.0,,,,,,,,
Rayan Aït-Nouri,Defender,36.0,1.0,11.0,16.0,7.0,32.0,78.0,53%,0.0,7.0,28.0,40.0,21.0,0.0,174.0,184.0,182.0,55.0,20.0,33.0,0.0,0.0,3.0,"1,122",31.17,4.0,125.0,23%,1.0,32.0,4.0,0.0,27.0,3.0,0.0,0.0,1.0,0.0,,,,,,,,,,,,,,,
Raúl Jiménez,Forward,111.0,39.0,46.0,36.0,,,76.0,,,69.0,62.0,101.0,81.0,,,,,,,,,,16.0,"2,877",25.92,29.0,63.0,,,,12.0,1.0,124.0,74.0,9.0,26.0,4.0,9.0,0.35,7.0,0.0,300.0,102.0,34%,28.0,,,,,,,,
Rhian Brewster,Forward,27.0,0.0,5.0,20.0,,,8.0,,,9.0,5.0,4.0,0.0,,,,,,,,,,0.0,207,7.67,4.0,16.0,,,,1.0,0.0,18.0,4.0,0.0,0.0,0.0,1.0,27.0,0.0,0.0,24.0,8.0,33%,2.0,,,,,,,,
Robert Snodgrass,Midfielder,171.0,26.0,45.0,83.0,,,282.0,72%,,81.0,107.0,117,41.0,,661,908,"1,154",158.0,167.0,284.0,,0.0,23.0,"4,851",28.37,36.0,"1,098",27%,36.0,139.0,32.0,0.0,207.0,28.0,2.0,1.0,23.0,7.0,0.15,2.0,6.0,254.0,89.0,35%,16.0,,,,,,,,
Robin Koch,Defender,27.0,0.0,10.0,13.0,4.0,45.0,33.0,61%,1.0,8.0,38.0,57.0,19.0,1.0,134,115,105.0,7.0,61.0,55.0,0.0,1.0,0.0,"1,120",41.48,0.0,2.0,2%,0.0,54,3.0,0.0,28.0,0.0,0.0,0.0,0.0,1.0,,,,,,,,,,,,,,,
Rocky Bushiri,Defender,0.0,0.0,0.0,0.0,0.0,0.0,0.0,0%,0.0,0.0,0.0,0,0.0,0.0,0,0,0,0.0,0.0,0.0,0.0,0.0,0.0,0,0.0,0.0,0,0%,0.0,0.0,0.0,0.0,0.0,0.0,0.0,0.0,0.0,0.0,,,,,,,,,,,,,,,
Rodri,Midfielder,92.0,8.0,67.0,15.0,,,172.0,58%,,21.0,81.0,115.0,71.0,,719,502,378.0,69.0,188.0,86.0,,2.0,5.0,"7,323",79.6,4.0,29.0,28%,7.0,442,19.0,0.0,119.0,2.0,2.0,5.0,1.0,3.0,0.09,1.0,0.0,81.0,25.0,31%,2.0,,,,,,,,
Rodrigo,Forward,63.0,11.0,21.0,30.0,,,45.0,,,29.0,26.0,32.0,21.0,,,,,,,,,,4.0,"1,252",19.87,11.0,71.0,,,,10.0,0.0,37.0,9.0,2.0,1.0,8.0,7.0,0.17,1.0,0.0,102.0,36.0,35%,4.0,,,,,,,,
Romain Perraud,Defender,14.0,0.0,3.0,4.0,2.0,23.0,21.0,76%,0.0,2.0,11.0,25,9.0,1.0,48,49,59,6.0,10.0,13.0,0.0,0.0,1.0,359,25.64,1.0,46,7%,1.0,5.0,1.0,0.0,23.0,0.0,0.0,0.0,0.0,2.0,,,,,,,,,,,,,,,
Romelu Lukaku,Forward,269.0,118.0,122.0,83.0,,,67.0,,,169.0,13.0,124,91.0,,,,,,,,,,35.0,"5,906",21.96,41.0,294,,,,19.0,0.0,195.0,200.0,25.0,33.0,58.0,23.0,0.44,6.0,1.0,709.0,327.0,46%,89.0,,,,,,,,
Ryan Sessegnon,Midfielder,50.0,2.0,15.0,28.0,,,41.0,68%,,6.0,28.0,59.0,23.0,,171,140,222.0,41.0,28.0,53.0,,0.0,7.0,"1,001",20.02,7.0,94.0,17%,5.0,23,1.0,0.0,37.0,21.0,0.0,1.0,1.0,1.0,0.04,0.0,0.0,32.0,12.0,38%,9.0,,,,,,,,
Rúben Dias,Defender,57.0,3.0,42.0,7.0,26.0,38.0,49.0,65%,0.0,7.0,55.0,146.0,75.0,0.0,232,186,148.0,8.0,103.0,70.0,1.0,0.0,3.0,"4,704",82.53,3.0,5.0,40%,2.0,197,9.0,0.0,48.0,3.0,2.0,0.0,1.0,0.0,,,,,,,,,,,,,,,
Rúnar Alex Rúnarsson,Goalkeeper,1.0,0.0,0.0,1.0,0.0,0.0,,,,,,,,,,,,,,,0.0,0.0,0.0,9,9.0,,,,,0,0.0,0.0,0.0,,,,,,,,,,,,,2.0,0.0,0.0,0.0,0.0,0.0,2.0,1
Sam Byram,Defender,50.0,0.0,14.0,26.0,7.0,69.0,84.0,64%,0.0,10.0,96.0,152,86.0,0.0,185,220,203,13.0,97.0,80.0,0.0,0.0,1.0,"1,377",27.54,1.0,61,16%,1.0,44.0,15.0,1.0,54.0,6.0,0.0,0.0,0.0,2.0,,,,,,,,,,,,,,,
Sam McCallum,Defender,0.0,0.0,0.0,0.0,0.0,0.0,0.0,0%,0.0,0.0,0.0,0,0.0,0.0,0,0,0,0.0,0.0,0.0,0.0,0.0,0.0,0,0.0,0.0,0,0%,0.0,0.0,0.0,0.0,0.0,0.0,0.0,0.0,0.0,0.0,,,,,,,,,,,,,,,
Sander Berge,Midfielder,29.0,2.0,6.0,19.0,,,38.0,58%,,4.0,14.0,31,18.0,,124,133,111,35.0,52.0,31.0,,0.0,2.0,804,27.72,3.0,45,9%,0.0,28.0,4.0,0.0,32.0,3.0,0.0,2.0,0.0,0.0,0.07,1.0,0.0,15.0,4.0,27%,1.0,,,,,,,,
Saïd Benrahma,Forward,54.0,6.0,27.0,16.0,,,44.0,,,24.0,14.0,9,1.0,,,,,,,,,,10.0,"1,051",19.46,8.0,95,,,,0.0,0.0,19.0,9.0,1.0,5.0,0.0,2.0,0.11,0.0,0.0,84.0,28.0,33%,6.0,,,,,,,,
Sepp van den Berg,Defender,0.0,0.0,0.0,0.0,0.0,0.0,0.0,0%,0.0,0.0,0.0,0.0,0.0,0.0,0,0,0.0,0.0,0.0,0.0,0.0,0.0,0.0,0,0.0,0.0,0.0,0%,0.0,0,0.0,0.0,0.0,0.0,0.0,0.0,0.0,0.0,,,,,,,,,,,,,,,
Sergio Reguilón,Defender,47.0,2.0,25.0,12.0,12.0,51.0,81.0,56%,0.0,14.0,61.0,74.0,38.0,0.0,213,207,219.0,38.0,53.0,57.0,1.0,1.0,6.0,"1,808",38.47,9.0,132.0,30%,1.0,54,8.0,0.0,44.0,2.0,0.0,0.0,2.0,0.0,,,,,,,,,,,,,,,
Steven Bergwijn,Forward,50.0,6.0,26.0,15.0,,,27.0,,,8.0,7.0,19.0,2.0,,,,,,,,,,5.0,803,16.06,2.0,31.0,,,,6.0,0.0,34.0,2.0,0.0,6.0,0.0,1.0,0.12,0.0,0.0,40.0,19.0,48%,7.0,,,,,,,,
Sébastien Haller,Forward,48.0,10.0,16.0,21.0,,,36.0,,,13.0,13.0,33,29.0,,,,,,,,,,1.0,"1,012",21.08,3.0,10,,,,1.0,0.0,70.0,28.0,1.0,7.0,2.0,1.0,0.21,0.0,0.0,81.0,38.0,47%,9.0,,,,,,,,
Takehiro Tomiyasu,Defender,16.0,0.0,10.0,4.0,7.0,15.0,30.0,50%,0.0,2.0,19.0,43,21.0,0.0,74,90,68,8.0,43.0,35.0,0.0,0.0,1.0,753,47.06,1.0,29,38%,1.0,35.0,1.0,0.0,10.0,0.0,0.0,0.0,0.0,0.0,,,,,,,,,,,,,,,
Takumi Minamino,Forward,39.0,5.0,22.0,11.0,,,16.0,,,12.0,6.0,15.0,1.0,,,,,,,,,,0.0,530,13.59,2.0,14.0,,,,2.0,0.0,22.0,2.0,0.0,4.0,1.0,0.0,0.13,0.0,0.0,31.0,12.0,39%,4.0,,,,,,,,
Tanguy Ndombélé,Midfielder,63.0,6.0,22.0,24.0,,,75.0,57%,,15.0,34.0,18.0,5.0,,228,315,237.0,123.0,19.0,28.0,,0.0,5.0,"2,068",32.83,7.0,22.0,18%,19.0,46,7.0,0.0,43.0,0.0,0.0,4.0,2.0,0.0,0.1,0.0,0.0,36.0,14.0,39%,1.0,,,,,,,,
Tanguy Ndombélé,Forward,60.0,21.0,25.0,26.0,,,37.0,,,39.0,15.0,42.0,31.0,,,,,,,,,,6.0,"1,268",21.13,10.0,34.0,,,,7.0,1.0,67.0,42.0,3.0,13.0,5.0,8.0,0.35,1.0,0.0,142.0,65.0,46%,20.0,,,,,,,,
Tariq Lamptey,Defender,40.0,1.0,8.0,15.0,4.0,39.0,54.0,67%,0.0,7.0,53.0,37,18.0,0.0,167,208,189,55.0,13.0,37.0,0.0,0.0,4.0,"1,026",25.65,9.0,131,21%,3.0,12.0,6.0,1.0,54.0,4.0,0.0,1.0,0.0,0.0,,,,,,,,,,,,,,,
Terence Kongolo,Defender,46.0,1.0,6.0,32.0,5.0,80.0,110.0,62%,1.0,1.0,99.0,163.0,70.0,1.0,174,246,122.0,17.0,85.0,51.0,1.0,1.0,1.0,"1,504",32.7,1.0,39.0,18%,1.0,82,4.0,0.0,26.0,2.0,1.0,0.0,0.0,0.0,,,,,,,,,,,,,,,
Thiago,Midfielder,39.0,2.0,25.0,8.0,,,87.0,60%,,21.0,41.0,18.0,10.0,,237,213,193.0,45.0,52.0,41.0,,0.0,1.0,"2,589",66.38,4.0,9.0,22%,6.0,173,5.0,0.0,60.0,0.0,0.0,1.0,1.0,0.0,0.05,0.0,0.0,40.0,10.0,25%,2.0,,,,,,,,
Thomas Partey,Midfielder,44.0,1.0,25.0,12.0,,,77.0,56%,,19.0,41.0,48.0,17.0,,263,206,174.0,56.0,44.0,41.0,,1.0,3.0,"2,144",48.73,2.0,8.0,8%,10.0,127,8.0,0.0,44.0,0.0,0.0,0.0,0.0,2.0,0.02,0.0,0.0,64.0,11.0,17%,2.0,,,,,,,,
Timo Werner,Forward,47.0,7.0,26.0,10.0,,,23.0,,,30.0,8.0,9.0,3.0,,,,,,,,,,9.0,920,19.57,10.0,48.0,,,,3.0,0.0,34.0,32.0,1.0,5.0,1.0,5.0,0.15,0.0,0.0,99.0,38.0,38%,20.0,,,,,,,,
Timothy Castagne,Defender,43.0,2.0,20.0,15.0,8.0,58.0,88.0,56%,0.0,3.0,47.0,82.0,49.0,0.0,193,189,155.0,15.0,68.0,57.0,0.0,2.0,3.0,"1,931",44.91,4.0,62.0,23%,0.0,46,2.0,0.0,28.0,1.0,1.0,0.0,1.0,1.0,,,,,,,,,,,,,,,
Tino Livramento,Defender,22.0,1.0,6.0,7.0,6.0,32.0,48.0,54%,0.0,2.0,42.0,42,23.0,0.0,152,129,86,24.0,24.0,22.0,0.0,0.0,1.0,773,35.14,4.0,55,20%,2.0,23.0,2.0,0.0,12.0,1.0,1.0,0.0,0.0,1.0,,,,,,,,,,,,,,,
Tom Heaton,Goalkeeper,116.0,0.0,34.0,55.0,28.0,167.0,,,,,,,,,,,,,,,2.0,3.0,0.0,"3,290",28.36,,,,,"1,067",5.0,0.0,2.0,,,,,,,,,,,,,408.0,3.0,40.0,96.0,73.0,53.0,436.0,"1,023"
Tomas Soucek,Midfielder,77.0,17.0,34.0,25.0,,,161.0,52%,,28.0,128.0,210,134.0,,425,650,560,23.0,406.0,308.0,,0.0,2.0,"3,049",39.6,4.0,20,15%,0.0,149.0,9.0,1.0,112.0,4.0,6.0,9.0,2.0,1.0,0.22,0.0,0.0,123.0,41.0,33%,5.0,,,,,,,,
Tosin Adarabioyo,Defender,33.0,0.0,5.0,15.0,9.0,41.0,37.0,51%,0.0,2.0,42.0,193.0,99.0,0.0,143,136,83.0,11.0,83.0,39.0,1.0,1.0,0.0,"1,905",57.73,0.0,2.0,2%,0.0,118,1.0,0.0,16.0,2.0,0.0,0.0,0.0,0.0,,,,,,,,,,,,,,,
Toti Gomes,Defender,2.0,0.0,2.0,0.0,0.0,2.0,8.0,63%,0.0,0.0,4.0,9,5.0,0.0,8,16,10,2.0,5.0,6.0,0.0,0.0,0.0,86,43.0,0.0,0,0%,0.0,2.0,1.0,0.0,1.0,1.0,0.0,0.0,0.0,0.0,,,,,,,,,,,,,,,
Trezeguet,Midfielder,56.0,8.0,17.0,29.0,,,71.0,48%,,32.0,44.0,27.0,17.0,,144,226,307.0,48.0,57.0,89.0,,0.0,2.0,658,11.75,5.0,93.0,16%,1.0,23,2.0,1.0,74.0,10.0,0.0,6.0,2.0,3.0,0.14,0.0,0.0,86.0,29.0,34%,8.0,,,,,,,,
Tyrone Mings,Defender,110.0,5.0,38.0,53.0,28.0,152.0,75.0,67%,2.0,9.0,119.0,523,237.0,7.0,607,389,240,31.0,235.0,135.0,3.0,4.0,6.0,"4,680",42.55,4.0,18,28%,3.0,349.0,19.0,1.0,69.0,6.0,1.0,1.0,3.0,0.0,,,,,,,,,,,,,,,
Vladimir Coufal,Defender,56.0,0.0,28.0,16.0,13.0,69.0,111.0,50%,0.0,6.0,60.0,133,71.0,0.0,276,262,211,27.0,80.0,70.0,0.0,0.0,10.0,"2,066",36.89,13.0,215,23%,0.0,65.0,5.0,1.0,51.0,2.0,0.0,0.0,0.0,2.0,,,,,,,,,,,,,,,
Wesley,Forward,25.0,5.0,7.0,14.0,,,15.0,,,8.0,4.0,23,18.0,,,,,,,,,,1.0,373,14.92,1.0,7,,,,3.0,0.0,44.0,14.0,0.0,5.0,0.0,1.0,0.2,0.0,0.0,36.0,19.0,53%,5.0,,,,,,,,
Wesley Fofana,Defender,28.0,0.0,14.0,10.0,6.0,30.0,51.0,73%,1.0,2.0,61.0,92.0,57.0,0.0,181,183,130.0,15.0,91.0,61.0,0.0,0.0,0.0,"1,688",60.29,0.0,2.0,2%,1.0,75,7.0,0.0,37.0,2.0,0.0,0.0,0.0,1.0,,,,,,,,,,,,,,,
Will Hughes,Midfielder,89.0,5.0,26.0,44.0,,,205.0,58%,,28.0,81.0,60,23.0,,413,475,469,65.0,57.0,98.0,,0.0,9.0,"2,598",29.19,9.0,132,23%,7.0,47.0,17.0,0.0,137.0,2.0,0.0,1.0,4.0,0.0,0.06,0.0,0.0,75.0,14.0,19%,4.0,,,,,,,,
Will Norris,Goalkeeper,3.0,0.0,1.0,2.0,0.0,4.0,,,,,,,,,,,,,,,0.0,0.0,0.0,56,18.67,,,,,21,0.0,0.0,0.0,,,,,,,,,,,,,2.0,0.0,1.0,2.0,0.0,0.0,1.0,18
William Saliba,Defender,0.0,0.0,0.0,0.0,0.0,0.0,0.0,0%,0.0,0.0,0.0,0.0,0.0,0.0,0,0,0.0,0.0,0.0,0.0,0.0,0.0,0.0,0,0.0,0.0,0.0,0%,0.0,0,0.0,0.0,0.0,0.0,0.0,0.0,0.0,0.0,,,,,,,,,,,,,,,
Willy Caballero,Goalkeeper,36.0,0.0,19.0,6.0,11.0,41.0,,,,,,,,,,,,,,,0.0,2.0,0.0,882,24.5,,,,,187.0,1.0,0.0,0.0,,,,,,,,,,,,,78.0,1.0,16.0,21.0,5.0,17.0,134.0,185.0
Yerson Mosquera,Defender,0.0,0.0,0.0,0.0,0.0,0.0,0.0,0%,0.0,0.0,0.0,0,0.0,0.0,0,0,0,0.0,0.0,0.0,0.0,0.0,0.0,0,0.0,0.0,0,0%,0.0,0.0,0.0,0.0,0.0,0.0,0.0,0.0,0.0,0.0,,,,,,,,,,,,,,,
Yoane Wissa,Midfielder,20.0,3.0,5.0,10.0,,,7.0,57%,,3.0,5.0,4,3.0,,34,41,44,12.0,8.0,21.0,,0.0,0.0,152,7.6,0.0,6,6%,1.0,4.0,0.0,0.0,4.0,6.0,0.0,1.0,2.0,0.0,0.15,0.0,0.0,15.0,6.0,40%,1.0,,,,,,,,
Youri Tielemans,Midfielder,109.0,18.0,51.0,37.0,,,198.0,54%,,59.0,87.0,65,34.0,,656,527,485,103.0,85.0,77.0,,0.0,16.0,"5,974",54.81,21.0,280,18%,45.0,307.0,11.0,0.0,98.0,1.0,1.0,14.0,3.0,4.0,0.17,4.0,0.0,182.0,59.0,32%,3.0,,,,,,,,
Zack Steffen,Goalkeeper,,,,,,,,,,,,,,,,,,,,,,,,,,,,,,,,,,,,,,,,,,,,,,,,,,,,,
